Bank_Num,Bank_Name
062-016973-9,TTB
808-738625-7,TTB
012-142914-2,KBANK
031-349129-5,KBANK
215-933025-3,BBL
752-758754-2,KTB
259-533436-4,TMB
311-324590-5,UOB
202-466854-7,BBL
814-738835-3,SCB
390-213671-2,SCB
921-545967-8,KTB
789-040315-3,UOB
604-650127-6,TTB
487-575409-3,BBL
173-443592-5,TTB
955-140001-9,TTB
223-111170-0,BBL
880-093558-7,KTB
311-552037-6,BBL
891-897217-8,KBANK
475-726396-9,BBL
951-000202-3,BBL
225-500851-1,TTB
634-248965-0,TMB
687-242466-3,TMB
877-333563-6,KTB
836-584821-7,BBL
388-403905-0,UOB
518-229010-8,GSB
805-711511-2,KTB
565-076478-3,SCB
344-666666-4,KTB
740-427443-7,TMB
266-439089-0,SCB
775-093331-4,GSB
436-248539-2,TTB
274-098168-5,GSB
378-356772-3,KBANK
726-089387-1,TMB
000-246252-7,KTB
373-364355-2,KTB
129-945183-0,GSB
514-543098-3,GSB
819-622634-7,TTB
462-495987-7,TMB
728-700515-4,TTB
132-471085-6,TTB
177-338825-6,BBL
358-054755-9,UOB
011-744310-2,GSB
158-795675-2,TMB
596-644339-1,SCB
425-843731-8,TTB
532-896897-6,SCB
214-174873-5,KBANK
006-829074-4,SCB
007-497697-3,TMB
030-437190-9,UOB
266-576233-2,GSB
340-807165-5,KTB
988-939443-8,GSB
127-973341-9,SCB
275-410575-6,KTB
620-901475-3,SCB
870-674424-7,KTB
569-840182-8,GSB
530-077471-7,KTB
874-449666-7,TMB
651-334795-2,GSB
478-430950-8,TMB
158-595835-1,TTB
232-267991-9,SCB
300-070981-6,TMB
267-970894-8,TMB
546-216605-2,TTB
331-447650-3,KTB
034-725452-1,TMB
764-723190-7,UOB
934-288891-1,SCB
133-962548-2,TMB
158-669766-7,BBL
767-719779-2,KTB
414-313151-3,KBANK
753-666479-9,UOB
390-630578-4,BBL
499-409971-7,KBANK
744-042416-9,UOB
000-748527-0,GSB
187-908025-0,UOB
437-411945-3,SCB
824-688817-3,TMB
384-588316-9,SCB
990-939704-6,TTB
462-109525-8,UOB
106-408550-7,KTB
185-293945-4,KTB
650-167685-7,SCB
629-518857-9,KTB
614-358231-4,UOB
568-950576-2,TMB
126-235118-3,TMB
705-238488-4,SCB
741-111987-7,KBANK
863-847982-1,GSB
713-010396-3,SCB
683-992362-5,KBANK
714-521142-2,KBANK
590-572478-7,GSB
339-301855-2,KTB
839-490361-3,TMB
163-185674-3,GSB
553-050804-2,KTB
130-043930-9,UOB
406-882416-6,KBANK
688-693985-5,BBL
433-684497-7,TTB
165-448776-3,SCB
195-944207-2,TMB
644-976801-6,KBANK
147-018533-2,GSB
840-012741-2,BBL
117-161436-4,KBANK
611-538392-9,SCB
161-616575-1,SCB
234-106277-2,SCB
558-407563-5,KTB
374-941311-8,SCB
173-722246-3,KBANK
192-006748-5,BBL
130-534827-7,GSB
060-533337-8,KTB
166-638585-3,BBL
028-092364-6,BBL
824-497948-5,SCB
087-340187-4,SCB
441-505032-8,GSB
855-790292-1,TMB
476-092476-6,UOB
074-877113-4,BBL
366-371969-6,TTB
345-142398-3,KBANK
447-064034-0,TMB
375-765365-9,TMB
712-055258-1,TMB
911-048472-7,SCB
817-944518-5,TMB
274-662388-1,KTB
538-954242-7,GSB
019-973568-8,BBL
237-558595-9,GSB
725-611033-9,UOB
711-122978-1,UOB
664-920098-9,SCB
204-522727-2,KBANK
644-617109-1,SCB
208-286472-8,SCB
122-348931-5,UOB
414-515339-5,KTB
642-965080-2,TMB
286-760097-7,SCB
462-062103-5,UOB
479-868517-3,BBL
169-958480-5,KBANK
938-180531-9,UOB
572-854008-3,KTB
720-032868-9,GSB
812-636152-3,KBANK
873-529205-0,SCB
538-602295-6,TTB
836-516856-7,TMB
969-989125-9,TMB
987-412492-2,KBANK
095-300636-9,BBL
535-880510-2,TTB
644-980033-1,BBL
652-177507-0,UOB
434-675042-9,SCB
227-678572-9,BBL
653-201433-7,GSB
181-345021-3,KBANK
272-090369-2,SCB
236-536181-6,KBANK
487-463937-0,TTB
452-123019-5,UOB
827-347624-6,UOB
581-622607-3,KBANK
182-214854-4,GSB
093-409074-5,SCB
125-317013-7,SCB
547-423224-0,SCB
086-020153-5,KTB
913-208097-6,TMB
436-938111-2,TMB
738-219235-2,GSB
495-335345-3,UOB
323-002796-8,KTB
943-820444-5,TMB
179-146418-9,KTB
117-838607-0,KBANK
653-378162-5,KTB
915-366591-6,UOB
996-563954-0,SCB
013-832341-1,TTB
238-202816-5,KTB
917-891138-0,TTB
339-757980-7,UOB
345-490304-2,UOB
457-012012-9,BBL
194-683167-6,KBANK
222-207774-6,TMB
749-859022-8,BBL
837-109144-7,GSB
447-327311-4,TTB
030-604957-1,TTB
261-973956-2,GSB
409-743530-6,KBANK
176-891070-5,BBL
671-898467-7,KTB
474-588031-9,BBL
154-664258-9,KBANK
096-344162-8,SCB
807-110716-4,KTB
434-623395-0,BBL
225-814815-5,BBL
094-314097-2,KBANK
728-433889-6,BBL
855-019877-1,KBANK
310-008978-4,BBL
363-363519-9,GSB
828-348534-7,KBANK
547-315615-8,KTB
128-502392-2,TMB
777-753699-5,BBL
780-747252-1,KTB
524-266384-4,KBANK
052-259725-1,UOB
401-003423-5,BBL
087-304418-0,UOB
679-135589-3,UOB
637-722394-5,KTB
397-644522-6,TTB
560-171663-5,KBANK
881-659012-4,SCB
827-877846-2,KTB
565-356147-9,KTB
337-225973-1,UOB
239-891413-1,GSB
449-172730-0,GSB
888-481486-4,UOB
221-194531-7,TMB
217-038424-2,KBANK
620-804673-3,KBANK
150-374493-3,BBL
229-566674-4,KTB
672-772921-7,KTB
268-252974-8,SCB
271-057429-6,BBL
343-128093-3,TMB
507-480359-3,BBL
486-783513-9,GSB
406-648587-8,GSB
565-055816-6,BBL
919-535487-9,SCB
051-443856-5,GSB
022-843680-7,TMB
067-970175-6,SCB
041-709357-2,KTB
499-573215-4,TTB
742-639831-6,KBANK
752-085045-1,SCB
928-243871-7,UOB
770-324686-4,TTB
014-666570-5,UOB
220-209797-8,TMB
774-867859-4,TMB
068-798021-6,SCB
328-510879-9,GSB
123-147364-5,SCB
988-297737-9,TTB
691-703649-4,SCB
374-373680-1,SCB
527-552527-5,TMB
248-804386-1,KBANK
963-589293-3,KTB
629-819245-9,KTB
825-265528-8,GSB
558-097837-8,SCB
563-543603-0,UOB
072-014539-2,GSB
991-232573-4,KBANK
506-983504-8,KBANK
604-659108-9,TMB
525-226906-5,KTB
633-996324-7,KBANK
386-962193-2,KTB
016-815113-6,TMB
237-394448-5,UOB
495-137175-8,GSB
743-596387-1,SCB
149-186876-0,TMB
386-624808-0,SCB
353-858271-9,KTB
617-796775-8,BBL
823-518495-6,UOB
304-680674-6,KTB
598-310133-4,BBL
548-619581-7,UOB
978-405133-1,KTB
022-537670-6,KBANK
835-271800-4,KBANK
734-192725-4,SCB
008-551846-7,KBANK
168-043743-8,GSB
267-487996-2,UOB
148-253002-7,SCB
769-240682-8,KBANK
279-244424-4,SCB
504-118964-4,UOB
106-643851-5,TTB
850-693340-7,TTB
282-828799-2,BBL
019-734392-8,UOB
872-400338-9,BBL
745-262913-3,TMB
793-022426-5,SCB
903-655320-4,TTB
373-993915-2,KTB
227-054168-8,BBL
511-767094-6,KTB
341-459490-6,BBL
368-940535-1,TTB
163-878798-1,GSB
701-785717-5,TMB
133-160358-6,KBANK
995-248840-7,UOB
755-839076-0,UOB
497-257913-8,SCB
119-386919-5,UOB
406-363765-3,UOB
214-051128-4,UOB
382-213805-0,TMB
664-587092-0,TTB
506-406649-9,UOB
101-174724-8,KTB
133-138263-8,GSB
278-290329-9,UOB
080-071222-5,TMB
336-862141-7,GSB
898-546749-0,BBL
440-337095-8,GSB
612-238414-3,UOB
544-685518-5,TTB
879-673441-5,KTB
232-567196-0,SCB
547-870474-9,TMB
880-107146-1,KBANK
108-557345-2,GSB
681-497313-5,SCB
217-869587-9,SCB
809-394429-4,GSB
532-851796-4,TTB
245-176635-5,KTB
326-985185-4,KBANK
808-953330-0,GSB
871-729105-4,TTB
272-603484-4,GSB
744-835008-7,KTB
128-793357-1,BBL
638-568717-2,KTB
155-675542-5,KBANK
047-465534-1,TTB
111-659009-2,KBANK
558-951899-5,BBL
623-280427-0,BBL
249-339826-4,SCB
173-560685-0,BBL
282-204888-4,TTB
086-164620-8,SCB
101-132285-0,TMB
232-522519-2,SCB
033-185506-6,SCB
242-671078-2,UOB
081-078948-6,TTB
309-735216-3,GSB
997-192104-3,TMB
776-898604-9,SCB
398-543425-6,TTB
153-300495-7,TMB
860-345635-5,GSB
700-435849-1,KBANK
101-024504-2,UOB
114-531838-3,SCB
228-887855-8,KBANK
164-149322-2,KBANK
471-042571-3,TMB
852-071116-1,BBL
860-792763-0,KBANK
895-768989-8,KBANK
769-034837-1,KTB
194-859363-3,KTB
582-683261-4,UOB
931-365835-1,TMB
474-640627-4,KBANK
653-379328-0,UOB
565-414559-3,UOB
712-643041-9,UOB
696-947300-1,KTB
904-850951-4,KBANK
549-979650-4,TTB
657-079953-3,TTB
547-364025-5,GSB
320-857904-8,TMB
937-840028-0,UOB
729-021438-7,SCB
452-846586-8,BBL
506-190662-8,KBANK
226-235858-2,BBL
901-318544-1,KBANK
052-185833-4,UOB
562-843477-4,SCB
308-323537-2,TTB
503-362553-7,TTB
636-981510-9,UOB
098-792640-9,KBANK
166-900603-9,SCB
880-719115-7,GSB
652-053620-4,KBANK
961-715095-2,TMB
356-275389-3,TTB
874-327405-1,GSB
563-847490-8,UOB
479-245074-5,UOB
743-676325-5,KBANK
810-156664-3,SCB
915-531086-8,KBANK
735-406226-8,KTB
510-743307-8,UOB
300-953037-0,BBL
311-015603-1,UOB
650-321796-7,KTB
046-654478-1,UOB
362-383053-0,GSB
643-254047-8,SCB
407-089154-4,GSB
754-650604-0,TMB
295-801251-2,BBL
351-168398-9,TTB
908-412815-9,TMB
666-153974-6,SCB
391-766616-1,TMB
726-057228-0,TTB
370-704006-2,TMB
684-166974-7,GSB
712-761843-6,KTB
268-387806-7,UOB
630-046760-2,TMB
644-013925-9,BBL
208-606025-6,GSB
531-437669-9,KTB
988-542450-1,KTB
951-559173-2,KTB
351-147404-2,BBL
188-564848-2,KBANK
336-895729-8,KBANK
114-640234-9,UOB
002-040685-5,TMB
517-293615-4,UOB
611-292022-5,BBL
662-483044-5,SCB
257-187190-7,TMB
157-234577-0,UOB
789-642589-3,TMB
647-383594-6,KBANK
881-596449-3,BBL
617-446904-0,GSB
376-448308-3,TTB
742-156056-2,KBANK
808-304029-5,KTB
331-173808-3,TTB
015-557855-9,GSB
018-280268-4,KTB
224-044689-1,TMB
142-421261-4,SCB
562-777386-4,TTB
680-758860-9,KTB
068-333776-5,GSB
884-014000-4,TMB
971-411608-9,UOB
566-077056-9,TTB
292-155746-3,KBANK
626-706576-2,TMB
065-338493-1,TTB
534-851601-8,UOB
021-928317-4,TTB
313-584406-2,BBL
676-939962-2,SCB
439-043163-2,TMB
275-666278-8,KTB
582-117367-2,UOB
894-238145-1,TTB
752-427473-3,TMB
195-450207-9,SCB
574-885866-4,KTB
121-552343-3,BBL
928-716704-3,UOB
144-634027-0,TMB
102-239152-3,GSB
635-475231-9,UOB
106-178088-7,BBL
625-536983-9,KTB
251-937851-3,UOB
415-430987-8,BBL
235-099585-7,GSB
299-746898-5,KBANK
527-795753-5,GSB
093-215387-9,GSB
114-623232-4,UOB
257-882529-7,KBANK
112-275542-8,GSB
747-573571-5,SCB
337-105682-3,GSB
906-985074-5,SCB
748-115051-7,GSB
689-684663-4,GSB
679-244509-8,KBANK
279-306818-7,KBANK
509-042540-0,GSB
743-749804-0,SCB
342-684083-4,SCB
326-507647-3,GSB
825-570939-0,UOB
835-895912-6,GSB
886-252477-1,TMB
518-228872-7,UOB
800-778902-4,TMB
471-743835-7,GSB
406-087873-3,UOB
853-455692-9,UOB
338-185090-7,TTB
107-700515-8,KBANK
925-687898-1,TTB
063-474806-3,UOB
287-698780-5,TTB
515-935576-9,TTB
242-452676-2,TMB
447-659740-4,KTB
172-130580-9,KTB
000-033453-0,SCB
395-455689-8,KBANK
299-349429-8,GSB
447-628252-8,TMB
723-192504-3,KBANK
746-831671-1,SCB
273-539071-9,KTB
074-834099-9,UOB
327-338458-0,TTB
979-962984-7,KTB
572-226824-0,GSB
347-640773-8,BBL
154-141371-1,GSB
653-134710-5,KBANK
514-422606-4,TMB
330-807974-4,KBANK
066-443197-7,KBANK
812-903416-8,KTB
608-073658-5,BBL
010-782849-5,TMB
306-631805-6,UOB
196-670407-5,KBANK
743-101160-7,BBL
704-878674-7,TTB
233-814985-7,TTB
612-421933-0,BBL
014-718831-7,BBL
430-009441-9,BBL
482-358018-1,TMB
594-368353-7,SCB
792-655523-9,SCB
940-148306-4,TTB
111-296063-1,TMB
212-875826-8,SCB
775-086851-5,BBL
685-990397-7,SCB
466-495118-6,SCB
669-945276-9,TMB
266-432120-7,GSB
313-014199-6,BBL
796-462804-7,GSB
481-278225-2,GSB
712-565792-6,TMB
202-917704-1,GSB
635-772382-7,KTB
304-124560-5,TTB
789-650271-8,KTB
453-580576-2,SCB
030-532386-4,KBANK
598-021371-1,SCB
886-870066-4,GSB
021-753214-8,SCB
708-350607-8,GSB
537-612856-2,KTB
906-633980-5,BBL
957-404199-5,TTB
659-842620-7,UOB
780-254351-4,KBANK
698-062803-3,SCB
593-002742-4,BBL
176-451964-5,GSB
921-675921-8,TMB
900-277323-4,TMB
161-229744-6,TTB
737-558766-9,BBL
371-555321-0,UOB
119-058626-7,BBL
518-654054-2,KTB
730-387746-4,SCB
846-947318-1,BBL
686-803731-2,GSB
814-542658-4,SCB
016-052332-7,GSB
033-494576-1,KBANK
385-474767-5,KTB
275-226184-4,KTB
861-758552-2,BBL
006-701687-2,BBL
120-151330-1,UOB
508-020540-2,KBANK
679-926920-0,KBANK
314-503764-4,KTB
106-657553-1,TMB
703-045374-6,KBANK
234-201520-4,UOB
370-217366-1,GSB
820-671230-0,KBANK
349-814507-7,TMB
891-580336-3,TMB
407-349874-0,TTB
889-011859-8,BBL
470-984722-0,SCB
588-523850-3,BBL
325-958042-7,KTB
547-178257-0,GSB
282-456087-3,TTB
584-954815-1,UOB
232-235547-3,GSB
925-755018-6,KBANK
298-088128-6,KTB
040-166892-7,GSB
381-366558-3,KBANK
849-927002-4,TTB
257-878819-5,TMB
095-915920-9,TTB
492-087846-5,TTB
895-909749-4,TTB
445-690805-5,KTB
609-748044-4,BBL
123-893091-3,KTB
020-913005-9,KTB
817-734358-9,KTB
217-138452-2,KTB
868-476300-1,TMB
176-621978-3,GSB
273-776587-8,SCB
995-845380-8,TMB
731-641298-1,TMB
548-089695-6,TTB
399-247319-1,GSB
552-398837-5,BBL
096-424354-2,KTB
537-227360-4,KTB
291-883516-2,TTB
703-441865-9,KTB
924-958454-4,SCB
926-240169-2,GSB
982-362398-3,TMB
961-771144-4,BBL
713-051026-4,GSB
150-400070-9,TMB
438-134571-5,KTB
397-524510-2,KBANK
093-131641-8,TMB
408-696547-5,SCB
062-877841-7,TTB
632-105866-8,KTB
695-890151-9,BBL
633-308097-8,TMB
793-775168-7,TMB
255-311908-5,BBL
744-152140-3,TTB
766-509320-0,GSB
170-779071-1,SCB
481-031602-3,UOB
374-170792-6,TTB
940-973600-9,BBL
554-350528-9,SCB
784-526477-6,KBANK
061-307883-5,TTB
692-356866-2,TMB
640-063232-8,TMB
133-934093-5,TTB
287-441903-7,TTB
757-427536-8,BBL
572-936167-9,TMB
477-880937-8,BBL
000-656364-1,UOB
303-679686-9,UOB
112-145510-9,GSB
961-613640-0,UOB
683-542098-8,KTB
839-385416-4,TMB
690-219943-9,BBL
367-393484-6,SCB
855-999436-9,GSB
386-819447-9,TMB
541-627145-3,TMB
150-445613-3,SCB
335-291099-6,TTB
811-053031-9,UOB
285-445814-5,UOB
303-888427-3,BBL
648-618544-9,TMB
101-991048-4,KTB
545-234893-7,SCB
851-578764-0,SCB
143-562337-1,KTB
824-942271-4,GSB
260-721866-0,BBL
815-495326-6,TTB
312-193060-5,UOB
671-880002-4,BBL
788-916671-4,KTB
642-229703-8,TMB
489-654130-3,TTB
627-237736-5,GSB
192-481527-9,TMB
439-082263-3,BBL
890-006013-1,UOB
498-289016-3,SCB
171-045995-0,KBANK
518-615083-1,TMB
802-953709-9,KBANK
565-295263-3,TMB
375-486677-1,TTB
514-266800-5,BBL
977-743787-0,TMB
764-467672-3,BBL
744-655683-4,UOB
920-046932-9,UOB
077-961346-7,SCB
225-773066-5,KBANK
123-370815-1,UOB
181-609975-4,SCB
661-179717-4,GSB
845-230710-7,TTB
248-519896-9,KTB
480-762685-6,KBANK
845-967287-6,KTB
598-002797-0,KBANK
391-795279-6,GSB
875-353704-9,SCB
695-330620-1,TMB
066-266076-1,BBL
114-186400-4,KTB
944-226236-4,BBL
976-512846-9,GSB
955-331843-3,GSB
123-894660-1,TMB
778-347576-8,KBANK
495-709510-5,UOB
356-534224-9,KTB
085-164166-1,KTB
538-795385-9,KBANK
974-429166-6,SCB
565-969993-9,SCB
870-033857-3,TMB
233-580053-2,TTB
860-703828-7,TMB
480-940133-8,TTB
699-144300-6,KBANK
176-778666-4,BBL
328-128831-4,TMB
967-483581-5,KTB
081-178892-9,BBL
735-057754-8,KBANK
452-911194-8,BBL
883-317918-8,KTB
099-530650-1,GSB
898-097058-2,KBANK
675-667117-7,UOB
505-181261-9,UOB
181-577598-1,TTB
941-873868-2,KBANK
633-198457-4,BBL
621-771340-7,BBL
675-248465-4,SCB
779-791508-9,TTB
742-114910-5,UOB
472-990736-1,SCB
429-061357-5,TTB
545-890892-9,KTB
743-187973-9,TMB
270-136699-0,KTB
796-523961-7,BBL
061-399930-0,BBL
452-803569-0,KTB
676-038063-8,GSB
536-704300-3,KBANK
755-033482-5,KBANK
161-420106-3,UOB
888-036212-7,BBL
942-518336-4,BBL
362-211806-7,KTB
768-108438-1,KTB
839-231082-7,GSB
161-537499-4,TTB
997-063393-2,SCB
061-217314-8,TMB
483-072497-8,BBL
414-281045-6,GSB
310-619551-2,KBANK
254-016403-3,SCB
553-069451-8,GSB
011-830732-4,UOB
978-563282-3,SCB
772-187918-5,BBL
290-942687-4,SCB
217-113091-7,TTB
808-037519-4,BBL
139-051803-4,KBANK
176-897886-8,KBANK
996-899973-8,TMB
991-233905-2,GSB
770-489985-8,SCB
558-681183-9,UOB
759-835184-0,GSB
555-049104-6,GSB
994-261792-6,BBL
237-076584-5,KTB
921-647122-2,BBL
626-534899-1,KTB
487-636121-6,TTB
610-826424-6,GSB
315-413221-3,UOB
415-836278-4,BBL
246-367921-3,SCB
176-133068-3,KBANK
973-197054-2,TTB
026-313087-5,TMB
836-926912-5,KTB
084-822699-6,SCB
611-116949-4,KBANK
101-089934-0,KTB
627-515524-5,KTB
714-605666-3,UOB
415-360574-1,UOB
054-615871-3,TMB
726-623733-3,KTB
032-202537-8,GSB
769-657396-7,BBL
624-333657-4,TTB
308-429676-2,TTB
047-079729-4,TTB
693-358932-2,BBL
445-506221-8,SCB
621-548113-2,GSB
673-877957-8,TMB
779-728331-8,SCB
832-589602-7,TTB
945-458149-5,SCB
954-763467-2,SCB
387-994782-9,UOB
566-472339-5,UOB
724-339574-3,TTB
530-736581-2,KBANK
895-927156-1,KBANK
240-126967-2,GSB
050-102556-5,SCB
574-300706-3,GSB
526-718439-9,GSB
129-593540-0,SCB
727-819548-8,UOB
911-619028-4,KBANK
956-013947-6,GSB
501-022685-5,TMB
719-725750-1,SCB
790-276880-6,KTB
185-918473-7,UOB
875-449314-7,UOB
900-134415-8,TMB
033-007866-4,KTB
139-451890-4,UOB
765-022103-4,TMB
338-101697-2,BBL
495-425350-3,SCB
369-043597-0,TMB
069-500208-2,TTB
267-544806-8,UOB
928-474969-1,BBL
551-288111-3,TTB
879-015402-0,GSB
456-021798-6,BBL
869-859430-8,TMB
332-846591-3,KBANK
914-602615-8,GSB
776-492483-8,TTB
322-000692-0,KTB
565-978599-5,TTB
382-789637-1,BBL
942-310130-9,TMB
786-534657-5,SCB
330-661956-5,TTB
572-373347-6,KTB
920-468053-2,TMB
035-104028-1,TMB
327-931011-3,BBL
084-326983-8,SCB
490-441474-5,KTB
939-646915-8,BBL
068-356028-3,KTB
831-407892-2,KTB
149-281781-0,TTB
402-416453-4,SCB
339-871652-4,TTB
810-044008-9,UOB
487-033521-0,UOB
096-059492-8,UOB
963-892152-7,KTB
488-214171-9,TMB
637-986205-9,BBL
532-556144-6,UOB
996-495286-5,GSB
555-925480-4,UOB
752-109176-7,BBL
654-078335-0,BBL
717-902089-9,TMB
609-746045-3,TMB
855-774407-3,GSB
771-866908-9,SCB
252-623275-8,KBANK
486-998650-7,GSB
839-861050-0,SCB
831-093396-5,TTB
780-347635-0,TTB
221-115053-6,TMB
404-156005-6,UOB
818-489127-0,TTB
511-527820-4,SCB
180-232304-6,GSB
888-378020-3,BBL
293-579923-3,GSB
535-452210-9,SCB
500-337816-3,BBL
206-088548-1,GSB
552-314659-6,GSB
664-581778-4,TMB
726-868130-9,TTB
051-711025-6,GSB
735-566100-0,BBL
957-720258-3,KBANK
062-100257-0,BBL
696-572609-0,TMB
438-698567-4,KTB
230-172242-8,KTB
838-353128-6,KTB
597-761664-0,TTB
562-908037-4,TMB
350-928608-7,KBANK
096-753123-5,KTB
513-331576-3,BBL
804-111714-9,KTB
329-647707-7,KTB
228-842068-5,KTB
902-895258-7,UOB
645-637885-0,GSB
461-114824-6,UOB
484-838244-2,UOB
956-800331-6,TMB
642-011375-1,BBL
704-348365-7,SCB
211-341605-2,KBANK
411-749251-2,BBL
405-219240-8,KBANK
186-885228-2,UOB
831-667646-7,KTB
489-522386-3,KBANK
687-279640-9,KTB
221-843124-3,TMB
401-548722-8,TMB
976-147124-0,BBL
429-125669-1,KBANK
774-990355-1,BBL
718-410441-4,KBANK
483-053536-0,TMB
161-174072-3,TTB
181-858570-5,GSB
823-928048-4,GSB
839-624147-0,KTB
425-717353-2,UOB
290-696572-7,TMB
560-255174-4,KTB
218-726216-5,KTB
648-638310-8,GSB
485-159148-4,GSB
529-791128-9,KTB
435-986522-8,BBL
412-249933-9,GSB
337-403986-9,BBL
688-289168-4,BBL
281-896740-2,KBANK
137-375792-1,TTB
869-698722-8,TMB
221-853476-9,SCB
268-214693-3,UOB
990-709053-7,KTB
436-416066-0,TMB
227-012539-5,UOB
384-615475-8,UOB
918-551358-1,GSB
430-051183-3,BBL
113-486443-5,KTB
253-403179-7,KTB
187-939451-0,KBANK
496-900127-8,KTB
734-293121-9,GSB
385-913636-8,KTB
172-734134-6,SCB
689-840169-4,SCB
504-365678-6,SCB
260-820163-7,UOB
814-137294-1,SCB
955-251491-0,TTB
737-905743-4,BBL
197-842922-2,GSB
249-627980-0,TMB
039-958871-1,KTB
664-224485-2,TMB
555-504613-7,TTB
926-630268-7,KTB
375-602197-7,KTB
768-742435-6,BBL
522-829829-4,KTB
395-507243-9,SCB
541-349318-9,KBANK
723-132757-7,KTB
700-871686-4,KTB
666-739406-4,TMB
982-218191-1,UOB
909-939811-3,TTB
279-689860-0,TTB
004-783709-4,UOB
822-570679-5,TMB
416-475947-9,GSB
069-853111-0,KTB
209-483073-9,BBL
208-942345-2,KTB
305-087714-0,KBANK
153-593546-9,KBANK
699-766883-2,KTB
540-580258-9,BBL
716-227136-7,UOB
600-058056-4,SCB
641-703083-5,KBANK
811-931485-8,SCB
181-271054-3,KTB
874-050594-4,TMB
047-175868-9,KBANK
686-190077-4,BBL
018-570176-7,BBL
608-328263-4,KBANK
917-038583-6,SCB
181-988726-8,SCB
186-037629-3,SCB
247-203520-1,TTB
850-065557-3,KTB
691-464728-5,SCB
741-603039-3,TTB
701-851450-1,TTB
047-894349-8,GSB
644-025390-7,UOB
516-186336-1,TMB
658-153745-4,BBL
522-583805-7,BBL
026-440621-1,GSB
543-070575-1,TTB
901-599003-1,UOB
613-519038-8,KBANK
144-464964-0,UOB
174-785283-4,GSB
486-741339-6,KBANK
234-877712-8,KBANK
633-932526-5,GSB
005-470001-5,UOB
986-588945-8,KBANK
991-772967-8,TTB
744-839755-0,BBL
226-635067-5,TMB
487-572507-2,SCB
107-238699-3,GSB
089-482469-3,SCB
556-233769-1,GSB
276-638616-6,KTB
081-308052-7,TMB
872-984182-1,TMB
012-966279-2,KTB
137-976007-4,GSB
225-472827-7,KTB
510-559167-7,KBANK
855-242980-3,KBANK
050-933123-8,GSB
655-199145-8,UOB
995-393609-4,KTB
378-564558-9,GSB
909-664277-5,SCB
800-675839-3,BBL
907-498927-4,TMB
396-282840-1,KBANK
639-152489-9,KBANK
231-364074-8,KBANK
897-854362-4,BBL
340-091106-6,BBL
714-502390-0,UOB
753-057272-1,TTB
463-621738-0,TMB
678-317432-1,GSB
810-327317-2,KTB
035-383431-1,KBANK
178-514337-9,BBL
374-046650-1,TMB
412-315146-9,BBL
050-409542-7,KBANK
396-679006-1,TTB
988-665645-7,KBANK
099-987264-9,KTB
084-856553-5,TTB
258-472551-0,BBL
026-739146-0,SCB
865-415302-1,SCB
850-623696-2,KBANK
356-298746-3,KBANK
869-667644-8,SCB
582-595329-0,TMB
449-120958-6,TMB
009-992065-9,SCB
676-125852-5,KTB
527-030091-1,GSB
101-779774-7,UOB
725-710140-0,GSB
323-400996-4,TMB
352-768893-0,UOB
451-642736-8,KBANK
120-952084-3,KBANK
364-785748-4,TTB
915-161550-4,TMB
958-001313-4,BBL
403-512266-2,SCB
190-313614-3,BBL
426-078449-4,BBL
777-129462-5,GSB
349-403889-2,SCB
469-172245-0,BBL
055-698213-6,BBL
698-814904-2,KTB
266-188964-7,KTB
092-382210-3,BBL
606-344445-5,KTB
495-271049-3,SCB
510-096513-6,UOB
686-626592-6,TTB
515-371512-2,SCB
192-932525-9,KBANK
396-920837-2,TMB
364-490066-6,KTB
332-712247-0,GSB
482-534524-8,TMB
014-876396-5,KTB
115-078851-7,BBL
473-402693-2,TTB
696-392102-2,SCB
066-917004-8,TTB
762-129241-5,UOB
051-387284-7,TMB
041-446218-8,KBANK
355-151544-2,TMB
824-423855-8,TTB
870-638321-3,KTB
748-462632-7,TMB
112-063364-3,KTB
901-627846-9,GSB
712-502732-5,TMB
726-075450-0,GSB
099-933041-3,UOB
819-415915-0,SCB
294-631864-4,KBANK
908-262073-1,UOB
748-426447-2,SCB
131-585738-8,TTB
455-098894-9,TMB
866-275151-7,TTB
255-719215-6,KBANK
624-454286-5,TTB
800-871106-1,TTB
180-876270-1,UOB
596-701955-5,SCB
920-279058-5,TTB
089-315683-4,KTB
284-553951-0,TMB
729-733484-0,TMB
151-781306-4,KBANK
111-160687-1,TMB
508-764621-7,BBL
872-913947-8,SCB
164-516855-9,SCB
963-953207-4,TMB
795-649626-0,SCB
572-129828-4,BBL
555-567218-8,BBL
473-251715-2,KBANK
984-228044-2,BBL
277-100789-2,TMB
676-747554-1,SCB
073-078838-3,TTB
252-098525-7,TMB
058-663591-9,TMB
874-957545-8,UOB
091-394502-3,BBL
671-333232-5,GSB
901-119371-0,SCB
623-816436-0,KBANK
140-154595-4,KBANK
398-988162-6,GSB
576-414684-9,TTB
015-193559-2,TMB
259-977835-1,KTB
840-021179-0,KTB
291-090717-4,KBANK
853-542449-4,KTB
231-506114-5,TTB
969-842051-4,KBANK
755-557416-6,TTB
186-527261-3,KTB
322-248095-0,TMB
844-680699-4,SCB
282-353028-1,KBANK
380-198123-9,BBL
129-500455-3,SCB
550-719421-8,KBANK
843-930701-7,GSB
107-682540-1,SCB
979-444972-9,TMB
708-494212-8,BBL
641-651100-3,BBL
568-616666-6,SCB
920-785181-9,GSB
707-522025-2,TTB
636-382423-3,KTB
690-778703-4,KBANK
842-212419-8,BBL
863-641221-7,SCB
758-650632-4,KBANK
964-843238-7,BBL
304-671458-9,TTB
948-204277-2,UOB
262-738816-6,KTB
512-253372-5,KBANK
055-444658-1,BBL
494-246100-9,TMB
668-767048-3,TTB
142-854894-4,GSB
511-750426-6,TTB
971-662946-7,SCB
847-763229-2,TTB
515-100632-2,TMB
400-122749-4,GSB
303-857136-6,KTB
222-482083-6,TMB
593-535766-2,KTB
038-871331-5,BBL
465-367822-5,UOB
308-336145-3,TMB
334-018908-7,SCB
707-673219-6,GSB
428-613065-6,TTB
615-745892-8,KTB
304-968046-4,KTB
138-457141-2,KTB
399-685564-7,SCB
737-128452-7,TMB
379-897907-9,KBANK
766-795973-3,KTB
529-609702-8,TMB
669-609933-4,UOB
701-407422-4,TMB
414-184637-7,SCB
902-171444-0,GSB
497-702419-7,TMB
209-233215-4,SCB
916-738785-5,TTB
331-529663-5,GSB
626-407114-3,KTB
243-540026-7,TTB
847-009314-3,BBL
005-863222-7,SCB
130-720659-0,KBANK
344-864188-8,GSB
127-126559-7,TTB
535-021227-3,TTB
158-477973-1,TMB
633-277990-9,GSB
627-896369-6,KBANK
752-617948-5,KBANK
317-365999-8,KTB
510-583138-0,KTB
005-347793-0,UOB
149-459028-8,TTB
156-474513-4,KBANK
841-368532-1,BBL
834-631089-4,TTB
026-265515-7,SCB
416-652685-8,BBL
040-388650-1,TTB
841-025687-0,BBL
239-496890-7,TTB
031-271394-6,TTB
701-753470-3,SCB
584-677946-5,KTB
545-378242-7,BBL
643-390457-3,SCB
253-116535-5,UOB
305-723564-5,TMB
577-034751-2,GSB
852-900283-3,UOB
064-007056-5,KTB
106-490989-5,TMB
185-871709-0,UOB
691-059310-4,TTB
765-753587-9,SCB
363-422060-9,TTB
568-125212-8,KBANK
879-968527-5,KTB
372-650621-2,KTB
553-482966-4,SCB
589-489069-5,TTB
722-129987-0,KBANK
557-031320-8,GSB
802-683797-3,TTB
719-178939-5,BBL
659-207174-2,TTB
704-717044-1,TMB
439-914286-5,KBANK
061-327746-8,KTB
686-037084-1,KBANK
063-737425-7,UOB
912-931372-3,KBANK
608-586495-2,UOB
970-647643-4,UOB
180-621572-2,TTB
292-531098-3,TTB
466-901179-6,SCB
868-909225-6,BBL
751-107573-9,UOB
089-552334-5,KBANK
484-363336-5,TTB
891-031261-2,BBL
957-369561-9,TTB
768-138772-2,TTB
088-200735-1,UOB
229-011785-5,SCB
057-071338-1,TMB
254-652763-3,UOB
752-205166-4,TMB
876-113248-3,KBANK
451-772364-7,KTB
368-136501-8,BBL
688-583527-5,TMB
220-643584-1,UOB
989-215887-1,KBANK
240-741086-9,KBANK
288-026188-7,SCB
788-638949-5,UOB
371-647385-7,KBANK
388-503751-7,KBANK
059-713085-0,SCB
024-811743-0,UOB
426-982970-7,SCB
800-625654-4,GSB
167-431632-8,UOB
788-412874-4,GSB
501-090461-4,TMB
559-703516-1,UOB
028-309895-8,BBL
408-878105-8,KTB
235-578770-3,TTB
699-841203-7,GSB
827-261187-2,KBANK
117-376763-7,BBL
550-492338-0,BBL
077-574707-8,SCB
493-912965-6,SCB
123-022927-0,TTB
037-611402-4,UOB
448-434181-7,KBANK
213-880738-6,KTB
525-011371-4,UOB
940-278279-5,TTB
945-642204-2,KTB
807-429493-1,TMB
295-410324-8,BBL
045-012528-5,KTB
330-360018-9,UOB
302-420620-6,KBANK
487-068799-8,GSB
121-932578-7,BBL
410-180149-3,KBANK
470-270676-6,SCB
150-734875-4,UOB
502-560557-3,UOB
054-466870-9,GSB
050-462283-5,UOB
738-874369-2,BBL
342-634109-1,SCB
138-209900-0,KBANK
411-171273-8,UOB
816-874697-1,UOB
146-908054-0,BBL
906-438050-0,TTB
635-608126-3,KBANK
638-628441-7,KTB
300-425851-3,KTB
618-672457-1,KTB
806-099757-8,KTB
392-155059-4,GSB
855-362704-3,TTB
137-661483-5,TTB
497-659937-7,BBL
798-592352-9,KTB
748-300111-0,KBANK
828-941236-5,KBANK
749-914515-6,GSB
795-602232-6,TTB
362-480728-4,KTB
652-276219-6,TMB
000-610398-6,TTB
436-910227-0,KTB
976-739003-0,GSB
553-649461-9,SCB
635-629197-9,TMB
324-754673-5,TMB
603-213853-3,UOB
516-006566-3,TTB
707-589474-2,SCB
606-551406-6,UOB
370-970763-3,KTB
241-247839-5,UOB
586-235064-6,BBL
687-362201-6,KBANK
031-494080-3,TMB
841-144284-4,KBANK
253-330396-8,GSB
414-849703-7,GSB
607-593658-9,TTB
483-202553-7,KTB
657-462641-4,KTB
299-690520-1,UOB
763-382867-9,KBANK
492-448886-2,UOB
509-150106-5,GSB
000-419555-1,SCB
692-246731-3,TTB
716-916629-7,GSB
197-315703-4,UOB
218-906634-4,TMB
544-447451-2,UOB
282-928683-4,KTB
279-047174-5,BBL
023-975838-4,KTB
491-100924-3,KBANK
002-900833-3,UOB
277-147358-3,SCB
994-960390-4,BBL
661-848905-8,KTB
124-430828-4,SCB
247-327508-7,GSB
168-100676-0,KTB
243-419001-1,SCB
869-337420-3,UOB
338-915153-8,KTB
182-430995-1,TTB
349-028601-1,TMB
847-804733-6,BBL
059-912150-2,KBANK
449-531222-3,TTB
630-793046-8,SCB
656-501885-5,TMB
807-896942-5,GSB
507-960176-6,KTB
140-176946-1,UOB
437-027251-7,TMB
956-104633-3,SCB
245-100221-1,TTB
670-987825-0,GSB
795-379021-3,KTB
732-464927-9,KBANK
282-895153-7,TTB
846-204424-6,UOB
523-513894-7,KBANK
721-106902-5,TMB
075-004490-6,SCB
211-941393-5,UOB
149-712470-4,BBL
076-092031-3,GSB
844-209981-9,TTB
864-935526-7,SCB
344-181128-7,TMB
687-156665-5,TTB
344-524898-3,TMB
747-878519-3,TTB
810-323744-0,TMB
773-576428-4,SCB
899-119967-0,UOB
032-243532-9,TTB
285-909723-3,BBL
240-481766-2,KTB
538-827352-2,SCB
948-837836-2,BBL
406-621085-8,TMB
681-287071-7,TTB
955-963613-4,UOB
845-119792-1,BBL
821-329970-0,TMB
248-802572-3,UOB
351-546050-0,SCB
725-716692-1,SCB
089-452042-2,BBL
262-398143-6,TMB
842-302514-2,KBANK
727-945870-9,UOB
538-741904-9,TMB
126-466373-4,TTB
585-461306-9,TTB
941-912775-3,TMB
005-377205-1,TTB
232-618788-3,GSB
353-027006-2,BBL
513-785326-4,SCB
991-233546-3,BBL
639-508738-1,SCB
052-958827-4,BBL
744-560529-2,TMB
966-465146-6,KTB
398-843303-4,BBL
513-264505-2,GSB
569-929760-5,TMB
382-831001-0,SCB
672-663860-9,UOB
911-826005-5,SCB
929-545091-9,SCB
480-721458-6,TTB
519-244859-7,KTB
641-894079-5,TTB
306-753914-6,TTB
345-063909-8,BBL
481-288493-7,GSB
188-851355-1,TMB
790-272388-4,GSB
689-324201-5,GSB
734-411349-5,BBL
556-044343-1,SCB
976-697055-6,KBANK
421-897940-4,UOB
305-980711-7,KTB
648-445708-2,KBANK
130-730401-3,BBL
009-736572-0,TTB
306-482749-0,KBANK
826-285101-8,TTB
749-070663-6,BBL
491-120485-1,SCB
226-351508-0,KBANK
703-388363-8,KTB
286-603251-5,TTB
277-015279-7,BBL
974-664096-0,SCB
099-708053-1,KTB
559-078583-5,KBANK
572-536120-3,UOB
575-933607-1,TTB
171-843428-6,KBANK
256-181752-9,SCB
307-116411-1,TMB
722-750907-7,TMB
481-406382-6,BBL
985-975907-3,KBANK
473-264592-8,SCB
005-913132-0,KTB
502-309678-7,KBANK
714-463575-8,UOB
141-904700-3,KBANK
076-921102-8,BBL
694-508794-0,UOB
552-758800-5,UOB
802-190229-5,SCB
063-650062-4,SCB
834-529885-3,UOB
669-932087-7,TTB
653-317071-9,UOB
968-227154-1,BBL
890-220629-4,KTB
159-906585-8,TTB
347-236319-1,KTB
918-915304-0,KBANK
957-762997-2,TMB
233-823651-0,UOB
204-542283-9,UOB
800-492322-7,BBL
557-554763-8,TTB
687-886463-9,TMB
040-936093-9,TTB
136-965254-4,GSB
415-867978-7,BBL
072-483900-1,KBANK
633-719047-6,TMB
982-641195-8,GSB
551-905301-8,BBL
703-938750-9,KBANK
554-352544-8,KTB
089-994299-8,UOB
011-745276-7,GSB
195-814619-3,SCB
551-076860-9,BBL
481-122084-6,UOB
018-979502-9,TTB
077-688107-5,TMB
012-944629-5,BBL
163-412752-9,SCB
704-513409-2,KBANK
850-390425-4,TTB
409-968239-8,UOB
095-034178-4,KBANK
818-336016-5,TMB
224-250248-6,GSB
837-278652-3,SCB
492-304277-0,UOB
865-765269-7,BBL
981-154800-4,GSB
921-518856-3,BBL
989-467713-8,TTB
744-568936-6,TMB
658-043917-2,SCB
809-260179-3,SCB
294-452529-5,KTB
175-263861-5,GSB
888-806688-8,TMB
816-889617-2,SCB
269-761225-0,TTB
382-647287-3,TMB
028-250126-8,BBL
220-797368-7,TMB
679-856519-2,TMB
212-838225-1,KBANK
556-193329-5,UOB
490-828312-9,BBL
417-768583-7,TTB
222-905570-4,TTB
513-195710-8,UOB
535-070163-9,GSB
663-492503-8,GSB
169-835753-6,UOB
372-360413-5,KTB
920-589349-6,TMB
650-306204-9,TMB
561-825765-0,TTB
467-807117-8,SCB
148-203649-7,BBL
499-179206-8,KTB
904-973832-6,KBANK
152-882059-3,SCB
156-240132-9,KTB
525-235117-8,KTB
022-169192-5,TTB
404-047499-2,KTB
960-194794-9,KBANK
516-501193-7,BBL
773-657669-7,KTB
646-132840-6,KBANK
713-610202-2,TTB
463-354669-6,UOB
753-964441-5,SCB
315-932949-2,SCB
844-982204-3,BBL
542-965048-2,TMB
834-143290-8,KBANK
823-322423-0,BBL
118-884448-7,BBL
263-017202-8,KTB
710-304791-0,GSB
346-641696-0,SCB
446-573538-3,GSB
882-830100-3,TTB
405-766397-6,KTB
149-297484-6,GSB
074-600373-9,KTB
721-051267-2,KTB
010-393638-1,TTB
441-756298-7,TTB
953-312971-7,UOB
089-878670-7,TTB
022-554766-3,TMB
247-927804-1,SCB
921-048007-6,GSB
607-361786-9,GSB
476-275127-8,TMB
983-097132-4,BBL
735-248042-7,TTB
869-976516-0,TMB
098-070593-4,KTB
267-035112-0,TMB
431-449491-9,TTB
281-790332-2,TTB
043-487532-6,BBL
465-854129-7,TMB
361-794031-2,KTB
841-052718-1,SCB
184-152875-4,TMB
316-963235-2,SCB
159-781041-0,KBANK
222-346153-2,GSB
087-526099-7,UOB
924-912733-7,UOB
380-578557-3,KBANK
919-979269-5,KBANK
924-276984-7,KBANK
501-743906-6,BBL
653-218951-7,TTB
388-470288-2,KBANK
504-508970-9,TTB
054-494539-1,KBANK
632-054546-5,TTB
608-647977-9,SCB
158-248334-5,UOB
519-418639-8,KTB
401-479724-5,SCB
069-982423-0,KTB
979-487645-8,TTB
287-872914-0,UOB
906-395103-5,TTB
262-984214-9,GSB
103-431100-2,TMB
722-010228-0,GSB
750-603871-1,KTB
075-615548-6,TTB
611-334704-9,TTB
896-122878-0,TTB
566-033169-6,TMB
320-396877-1,TTB
372-813659-9,TMB
206-295077-1,TTB
096-663747-2,GSB
806-394659-4,UOB
747-339934-0,TMB
196-128919-3,UOB
203-093453-0,TMB
449-414803-9,KTB
086-528241-9,SCB
983-496478-9,TMB
092-710026-9,GSB
333-347234-7,TTB
998-517464-2,UOB
114-507482-2,GSB
231-847946-6,BBL
151-636063-9,GSB
828-683900-5,UOB
167-142897-5,KBANK
122-903342-2,UOB
697-113953-6,KBANK
061-235548-2,BBL
380-388515-8,GSB
106-355845-4,TMB
732-766615-1,BBL
727-248204-6,KTB
656-741896-7,BBL
061-132579-4,KTB
001-869541-4,KBANK
163-282538-6,UOB
920-418493-9,UOB
220-070802-2,TTB
794-693112-6,TMB
220-165269-4,SCB
664-876350-7,TTB
522-572759-6,TTB
641-945074-7,SCB
635-525808-4,KTB
343-796059-6,KTB
514-988555-0,TMB
929-655912-2,KBANK
371-452765-4,SCB
299-679703-9,UOB
190-567977-0,KTB
103-706589-2,BBL
087-195803-5,GSB
648-236227-9,KBANK
137-508570-5,SCB
251-773249-0,BBL
328-452957-1,GSB
978-307604-2,KBANK
429-975798-1,GSB
697-078368-5,UOB
614-678496-4,BBL
509-851623-0,KBANK
414-962162-7,TMB
154-010919-8,TTB
618-471919-9,UOB
969-445926-2,BBL
690-821264-8,TTB
393-744075-1,TMB
586-983720-1,BBL
340-763642-1,BBL
773-542328-2,TMB
528-922483-1,BBL
844-362516-0,KTB
721-116605-1,TMB
073-681821-0,KTB
412-050310-7,TMB
706-243340-7,BBL
091-425938-0,GSB
715-096782-1,UOB
067-486352-3,KTB
710-875645-0,GSB
151-450555-0,UOB
154-547617-6,TMB
238-658166-5,BBL
057-920656-5,SCB
074-717179-4,UOB
796-204171-2,GSB
397-329848-1,SCB
528-739184-5,KTB
157-081706-4,KTB
545-857432-0,TMB
708-194720-9,BBL
387-209653-9,KTB
480-534091-8,TMB
406-590514-6,KBANK
004-751960-2,TTB
222-289751-6,GSB
484-505872-0,KBANK
028-722549-4,SCB
722-730141-6,BBL
414-606825-1,SCB
381-310357-1,KTB
077-415408-6,TMB
334-960799-7,SCB
650-012201-4,KBANK
953-971970-4,GSB
594-662903-8,UOB
555-882248-5,UOB
738-732992-2,KBANK
531-234238-2,SCB
119-773832-5,KTB
914-573596-6,UOB
237-256527-8,KTB
179-593543-5,TTB
898-937915-4,KBANK
746-279224-8,TMB
423-326314-1,TTB
978-275051-5,GSB
481-815863-4,UOB
692-486581-3,KBANK
332-810890-0,TTB
182-453501-6,GSB
370-463535-3,TMB
917-839538-4,UOB
612-975273-7,SCB
900-265660-1,KBANK
633-813230-1,BBL
202-699374-7,BBL
504-864469-8,KTB
625-552287-8,KTB
770-159485-1,GSB
638-381188-2,GSB
947-227653-5,GSB
734-190230-2,TMB
307-274350-2,KBANK
852-178222-8,UOB
278-706012-1,KTB
141-590748-5,GSB
572-202460-8,KTB
738-843617-8,GSB
716-623360-2,TMB
998-205086-4,KTB
123-560266-4,BBL
418-150797-1,KTB
938-267333-5,KTB
557-657165-6,TTB
053-904289-1,KTB
915-916522-7,KTB
488-891590-9,TMB
421-606605-3,UOB
956-548542-8,TTB
637-776422-3,SCB
196-928829-5,TTB
702-142462-4,TMB
338-378759-0,KTB
394-344988-8,GSB
921-558503-2,UOB
897-313407-8,TMB
648-288433-4,TMB
066-815108-9,SCB
461-776552-0,TMB
024-556457-7,SCB
804-384265-7,TTB
923-351296-7,TTB
000-234114-0,GSB
604-860665-7,KBANK
866-103062-4,TTB
462-345402-6,GSB
196-211110-3,BBL
020-569987-0,UOB
009-194192-9,SCB
344-340244-8,UOB
976-379956-2,KTB
937-096660-7,UOB
101-462366-2,KBANK
351-834869-0,SCB
072-253246-9,SCB
694-685471-9,TTB
656-803055-6,BBL
554-270869-8,BBL
465-821940-3,KBANK
147-183725-5,SCB
027-373607-4,UOB
745-588350-9,TMB
476-452153-3,UOB
371-294457-8,TMB
493-876981-6,BBL
415-214802-7,GSB
425-358796-7,BBL
764-569488-9,BBL
779-782102-1,TMB
785-104767-2,SCB
998-838895-7,GSB
379-112532-5,SCB
148-232732-8,KBANK
648-370348-3,TMB
325-429569-2,TTB
535-749508-1,SCB
826-670627-5,KTB
744-459983-1,TTB
103-209462-3,UOB
674-263704-1,SCB
106-973286-9,KBANK
