Transaction_ID,Sender_ID,Receiver_ID,Balacned,Transfer_Date
TR00000000,W000001630,W000000271,988775.13,2019-04-29
TR00000001,W000001618,W000000180,628084.35,2020-05-03
TR00000002,W000001034,W000001296,650262.73,2019-02-16
TR00000003,W000001135,W000001648,935107.54,2021-12-14
TR00000004,W000000177,W000000786,721559.68,2019-02-05
TR00000005,W000001876,W000000202,305358.83,2020-04-09
TR00000006,W000000597,W000000314,227792.68,2020-09-24
TR00000007,W000001382,W000001923,928314.08,2021-05-27
TR00000008,W000000464,W000001798,146075.97,2020-01-28
TR00000009,W000001227,W000000282,741928.12,2019-11-04
TR00000010,W000001160,W000001869,968769.2,2021-10-01
TR00000011,W000001368,W000001640,474579.33,2020-04-25
TR00000012,W000001401,W000000663,262094.82,2020-07-19
TR00000013,W000000331,W000000652,797155.9,2021-02-06
TR00000014,W000000675,W000001557,924345.72,2019-11-09
TR00000015,W000001993,W000000840,333749.16,2019-02-17
TR00000016,W000001518,W000001127,359527.72,2022-03-14
TR00000017,W000000250,W000000543,898896.93,2021-03-28
TR00000018,W000000899,W000001439,129918.45,2021-03-18
TR00000019,W000000403,W000000718,781355.48,2019-04-03
TR00000020,W000000494,W000001608,577679.07,2021-07-25
TR00000021,W000000028,W000000431,335139.37,2019-05-13
TR00000022,W000000606,W000001704,783007.99,2019-10-07
TR00000023,W000000833,W000000373,333376.62,2021-09-09
TR00000024,W000000698,W000000998,488749.88,2020-06-13
TR00000025,W000000478,W000000792,389794.15,2021-03-15
TR00000026,W000001712,W000000801,327083.82,2020-02-09
TR00000027,W000001190,W000001332,176576.99,2021-08-22
TR00000028,W000001130,W000000801,730822.2,2020-12-16
TR00000029,W000000272,W000000894,792601.03,2020-05-15
TR00000030,W000001803,W000000503,43581.31,2020-05-17
TR00000031,W000001288,W000001349,215115.36,2019-12-27
TR00000032,W000001975,W000000650,846272.04,2021-05-20
TR00000033,W000001138,W000001660,913974.25,2022-03-16
TR00000034,W000001356,W000001888,951557.25,2021-06-26
TR00000035,W000000348,W000001357,649823.25,2021-05-03
TR00000036,W000001555,W000000370,902282.29,2019-07-20
TR00000037,W000000106,W000001037,493930.9,2021-09-01
TR00000038,W000000154,W000000498,544484.43,2022-01-08
TR00000039,W000000822,W000000506,309511.63,2021-12-07
TR00000040,W000001962,W000001589,3774.37,2020-07-22
TR00000041,W000001390,W000000064,677462.66,2020-03-13
TR00000042,W000000235,W000001509,372573.45,2022-03-02
TR00000043,W000001353,W000000886,514126.08,2021-05-16
TR00000044,W000000349,W000001631,993387.38,2021-11-30
TR00000045,W000001789,W000000766,22967.85,2020-06-12
TR00000046,W000000120,W000000026,484764.02,2021-06-21
TR00000047,W000001358,W000000834,315574.94,2021-05-17
TR00000048,W000001884,W000001821,187344.06,2021-07-17
TR00000049,W000001377,W000001915,78588.6,2020-03-21
TR00000050,W000000227,W000000112,919644.55,2019-11-17
TR00000051,W000001511,W000000022,431901.33,2021-12-26
TR00000052,W000000601,W000000138,592234.51,2019-12-12
TR00000053,W000001450,W000001738,22427.21,2019-06-06
TR00000054,W000000651,W000000941,342152.56,2021-03-03
TR00000055,W000000621,W000001780,524652.89,2019-08-31
TR00000056,W000000677,W000000511,534529.89,2021-03-09
TR00000057,W000000345,W000001406,45115.89,2019-12-01
TR00000058,W000001291,W000000302,387016.29,2021-06-11
TR00000059,W000001164,W000000901,70562.89,2019-04-20
TR00000060,W000000927,W000000917,19814.22,2019-01-07
TR00000061,W000000620,W000001915,651778.3,2020-11-25
TR00000062,W000000741,W000001594,346066.98,2020-11-09
TR00000063,W000000958,W000000508,546854.2,2020-05-28
TR00000064,W000001695,W000001296,948572.28,2019-12-20
TR00000065,W000000454,W000000847,313889.22,2020-05-15
TR00000066,W000000906,W000000989,994246.55,2020-03-31
TR00000067,W000001150,W000001055,552117.88,2019-11-14
TR00000068,W000000971,W000001372,358601.74,2021-05-16
TR00000069,W000000673,W000001815,805563.89,2020-06-03
TR00000070,W000001844,W000000329,31294.17,2020-09-05
TR00000071,W000001515,W000001604,454274.31,2020-01-31
TR00000072,W000000441,W000001526,66507.99,2020-10-16
TR00000073,W000000258,W000001311,380735.42,2021-07-25
TR00000074,W000000384,W000000465,35924.54,2021-08-01
TR00000075,W000000447,W000000905,609809.78,2019-03-26
TR00000076,W000000858,W000001512,322641.18,2019-12-05
TR00000077,W000000575,W000001466,66344.36,2019-10-15
TR00000078,W000000402,W000000206,215049.15,2022-02-21
TR00000079,W000001846,W000000305,303993.75,2020-03-29
TR00000080,W000000397,W000001668,805635.04,2020-04-16
TR00000081,W000000975,W000001710,554825.41,2020-09-03
TR00000082,W000001513,W000001101,375362.38,2020-07-28
TR00000083,W000001979,W000000924,449833.17,2020-11-30
TR00000084,W000000161,W000001041,468031.29,2020-08-05
TR00000085,W000000164,W000001905,414361.06,2021-12-12
TR00000086,W000001516,W000000783,81280.68,2020-09-21
TR00000087,W000000286,W000000629,76296.18,2022-01-11
TR00000088,W000001542,W000000752,194095.32,2021-04-22
TR00000089,W000000697,W000000423,693799.21,2020-09-15
TR00000090,W000001011,W000001069,979202.8,2021-09-03
TR00000091,W000000846,W000000207,429868.67,2019-03-31
TR00000092,W000000513,W000000816,774527.67,2019-11-24
TR00000093,W000000108,W000001462,267723.04,2020-02-21
TR00000094,W000001058,W000001027,304071.14,2020-07-07
TR00000095,W000001950,W000001095,374922.01,2019-12-05
TR00000096,W000001900,W000001146,903252.71,2019-07-03
TR00000097,W000001556,W000001460,449133.08,2019-08-01
TR00000098,W000001520,W000001448,936308.8,2019-03-17
TR00000099,W000001965,W000000071,834836.58,2019-05-30
TR00000100,W000001421,W000000516,443376.66,2019-12-18
TR00000101,W000001959,W000001617,831575.31,2021-02-20
TR00000102,W000000442,W000001451,305760.44,2020-04-23
TR00000103,W000001656,W000000202,378457.39,2021-06-19
TR00000104,W000000466,W000001189,97062.91,2020-11-12
TR00000105,W000000632,W000001085,575395.59,2021-03-17
TR00000106,W000001042,W000001673,531179.2,2021-12-05
TR00000107,W000001225,W000001891,160179.82,2022-03-13
TR00000108,W000001499,W000001211,100340.94,2020-01-27
TR00000109,W000000977,W000000376,331008.85,2021-08-17
TR00000110,W000000126,W000000074,94198.47,2019-04-05
TR00000111,W000001123,W000000877,318107.88,2020-10-07
TR00000112,W000000878,W000000570,191117.33,2019-11-30
TR00000113,W000000636,W000000879,173285.25,2021-10-01
TR00000114,W000000076,W000001455,313394.83,2020-10-06
TR00000115,W000000152,W000000553,57836.01,2021-09-17
TR00000116,W000001419,W000000385,605487.92,2020-05-21
TR00000117,W000001324,W000000273,171298.46,2020-03-10
TR00000118,W000001047,W000000436,797325.74,2019-12-25
TR00000119,W000000980,W000001169,669019.02,2022-01-31
TR00000120,W000000197,W000000146,953507.53,2020-08-18
TR00000121,W000000188,W000000469,390613.8,2020-07-30
TR00000122,W000001546,W000000572,809203.66,2020-05-19
TR00000123,W000000563,W000001729,848333.82,2020-02-08
TR00000124,W000001200,W000001741,932996.31,2021-07-17
TR00000125,W000001727,W000001303,687519.59,2020-07-28
TR00000126,W000000343,W000001972,101124.96,2020-06-13
TR00000127,W000001578,W000000302,208815.67,2019-08-06
TR00000128,W000001590,W000000083,882571.88,2021-11-11
TR00000129,W000001393,W000001648,623903.28,2019-09-07
TR00000130,W000001694,W000001281,310961.14,2021-06-01
TR00000131,W000001721,W000001292,924928.37,2022-02-02
TR00000132,W000000808,W000000061,640217.17,2019-09-10
TR00000133,W000000695,W000001569,652834.73,2020-03-12
TR00000134,W000001985,W000000599,752658.59,2019-07-20
TR00000135,W000000873,W000000866,635029.61,2021-09-22
TR00000136,W000001724,W000000340,918441.19,2019-06-30
TR00000137,W000000470,W000001365,332537.53,2019-08-02
TR00000138,W000001860,W000000914,667073.65,2020-08-22
TR00000139,W000001446,W000000994,383689.04,2022-02-03
TR00000140,W000000074,W000001679,810069.29,2020-03-20
TR00000141,W000000127,W000001920,941016.66,2020-01-04
TR00000142,W000000490,W000000365,326433.66,2021-10-23
TR00000143,W000001990,W000001974,539779.67,2019-10-09
TR00000144,W000001303,W000000678,504665.75,2021-06-11
TR00000145,W000000825,W000001948,931020.98,2021-06-17
TR00000146,W000000462,W000001646,768228.44,2019-05-05
TR00000147,W000001207,W000000814,226244.1,2021-03-14
TR00000148,W000000158,W000000221,862444.43,2020-09-13
TR00000149,W000001306,W000000847,47275.94,2022-02-19
TR00000150,W000000722,W000000914,643606.2,2020-02-13
TR00000151,W000000025,W000001644,213851.89,2021-04-14
TR00000152,W000001460,W000001948,354737.27,2019-05-05
TR00000153,W000000578,W000000739,702563.89,2021-12-13
TR00000154,W000000972,W000001734,715857.18,2020-03-17
TR00000155,W000001805,W000000435,906271.92,2019-02-18
TR00000156,W000001316,W000000688,393295.87,2021-10-15
TR00000157,W000001214,W000000112,262874.48,2019-09-28
TR00000158,W000001102,W000001981,578160.87,2020-08-04
TR00000159,W000000556,W000000445,391995.52,2020-11-24
TR00000160,W000000316,W000001782,695240.36,2019-06-28
TR00000161,W000001946,W000001801,282802.79,2021-02-17
TR00000162,W000000876,W000000990,326805.65,2020-07-24
TR00000163,W000001851,W000001773,244122.96,2021-05-28
TR00000164,W000001786,W000001262,657053.17,2020-09-15
TR00000165,W000001678,W000000358,467978.44,2020-05-10
TR00000166,W000001483,W000000768,493779.82,2021-08-07
TR00000167,W000001492,W000001726,645830.92,2021-01-31
TR00000168,W000001245,W000001250,959197.18,2022-02-27
TR00000169,W000001124,W000000826,336562.38,2021-11-04
TR00000170,W000000658,W000001026,518204.47,2019-02-17
TR00000171,W000000119,W000001367,286419.84,2020-03-06
TR00000172,W000000310,W000001569,618587.47,2020-05-20
TR00000173,W000000489,W000001343,99575.22,2021-11-02
TR00000174,W000000693,W000000627,738590.17,2020-06-13
TR00000175,W000001413,W000001801,770734.3,2021-02-25
TR00000176,W000000347,W000001114,583240.72,2019-07-03
TR00000177,W000000382,W000001838,797773.96,2019-07-05
TR00000178,W000000587,W000000172,872890.65,2021-01-04
TR00000179,W000000840,W000000819,775832.75,2021-12-29
TR00000180,W000001635,W000001783,299511.97,2019-01-19
TR00000181,W000001595,W000001770,555311.01,2019-06-29
TR00000182,W000000981,W000000143,803016.38,2020-02-11
TR00000183,W000000924,W000000458,453922.64,2019-04-25
TR00000184,W000001297,W000001404,775408.42,2019-06-06
TR00000185,W000001832,W000000115,227708.36,2019-02-24
TR00000186,W000001552,W000001265,246400.57,2019-06-04
TR00000187,W000000408,W000000098,165522.11,2020-02-29
TR00000188,W000000110,W000000216,355755.98,2019-08-04
TR00000189,W000001361,W000000326,957625.54,2020-06-10
TR00000190,W000000142,W000001418,922827.93,2020-11-23
TR00000191,W000000542,W000001714,790367.88,2019-04-27
TR00000192,W000001551,W000000926,982946.44,2019-08-25
TR00000193,W000001560,W000001255,685017.53,2020-03-14
TR00000194,W000000630,W000000989,487053.71,2021-02-14
TR00000195,W000001043,W000001588,755403.93,2020-08-22
TR00000196,W000000383,W000000115,292647.49,2021-01-30
TR00000197,W000000467,W000001422,231915.28,2020-10-30
TR00000198,W000000664,W000001994,323604.58,2020-04-01
TR00000199,W000000001,W000001538,6413.79,2021-03-09
TR00000200,W000000311,W000000715,971833.25,2020-12-11
TR00000201,W000000841,W000000123,211733.6,2019-10-18
TR00000202,W000001088,W000001182,871658.2,2021-03-08
TR00000203,W000001926,W000001976,289506.83,2020-10-17
TR00000204,W000000317,W000001883,296081.7,2019-04-24
TR00000205,W000001608,W000000192,42268.41,2019-07-18
TR00000206,W000000767,W000001522,702939.0,2021-04-07
TR00000207,W000000554,W000001054,815428.71,2019-09-12
TR00000208,W000001732,W000001508,247123.89,2019-11-11
TR00000209,W000001956,W000001174,390507.14,2020-02-04
TR00000210,W000001290,W000000665,464063.15,2019-11-22
TR00000211,W000001701,W000000155,699978.87,2020-08-24
TR00000212,W000000296,W000000739,632075.25,2020-05-06
TR00000213,W000000561,W000001779,905008.57,2021-06-03
TR00000214,W000000111,W000000611,312745.41,2022-03-11
TR00000215,W000001983,W000001425,104305.64,2020-04-21
TR00000216,W000000910,W000000699,207823.98,2020-02-04
TR00000217,W000000511,W000000654,329567.39,2021-09-22
TR00000218,W000000730,W000000690,566008.01,2019-03-09
TR00000219,W000001958,W000001643,791719.5,2021-03-06
TR00000220,W000001359,W000000848,764049.55,2021-10-26
TR00000221,W000001863,W000000536,830368.24,2019-07-07
TR00000222,W000000740,W000000797,654966.25,2019-01-26
TR00000223,W000001877,W000001024,187338.35,2020-12-26
TR00000224,W000001002,W000000911,116456.51,2019-05-30
TR00000225,W000000893,W000000514,403304.07,2021-01-01
TR00000226,W000001392,W000000638,89282.13,2020-01-16
TR00000227,W000001833,W000001336,826151.29,2019-02-27
TR00000228,W000001202,W000001409,567495.52,2021-01-14
TR00000229,W000000999,W000001597,776087.82,2021-09-06
TR00000230,W000000309,W000000642,834930.18,2020-04-14
TR00000231,W000000247,W000001819,852133.18,2019-10-25
TR00000232,W000000242,W000000496,348312.37,2019-06-26
TR00000233,W000000909,W000000814,774153.7,2020-12-14
TR00000234,W000001602,W000000959,814192.79,2021-05-30
TR00000235,W000001822,W000001904,114175.51,2019-04-14
TR00000236,W000001809,W000001177,539139.99,2020-06-23
TR00000237,W000000178,W000001880,499871.82,2021-10-12
TR00000238,W000001444,W000000612,377321.96,2021-08-27
TR00000239,W000000523,W000001769,142000.49,2021-04-02
TR00000240,W000000572,W000001082,53307.37,2020-07-10
TR00000241,W000000863,W000001114,967819.18,2019-12-09
TR00000242,W000001657,W000001251,293322.98,2021-06-16
TR00000243,W000000391,W000001592,143193.27,2020-06-13
TR00000244,W000000583,W000000100,832074.56,2021-01-13
TR00000245,W000001637,W000001224,913355.38,2022-03-05
TR00000246,W000000929,W000000175,157537.36,2019-07-14
TR00000247,W000001295,W000000945,141031.49,2020-07-19
TR00000248,W000001276,W000001567,727907.18,2021-11-02
TR00000249,W000000610,W000000539,351175.23,2021-09-06
TR00000250,W000000090,W000001440,316021.65,2021-02-03
TR00000251,W000001841,W000000898,442460.05,2021-11-13
TR00000252,W000000526,W000001237,400221.35,2021-08-08
TR00000253,W000001068,W000001250,749.35,2020-05-14
TR00000254,W000000964,W000001079,100085.28,2019-07-14
TR00000255,W000000965,W000001221,30083.94,2021-11-01
TR00000256,W000000573,W000000214,755663.62,2021-10-23
TR00000257,W000000472,W000001328,350339.73,2021-05-02
TR00000258,W000000373,W000001599,792510.2,2019-07-06
TR00000259,W000001726,W000001407,402496.87,2020-09-16
TR00000260,W000001337,W000001671,603461.02,2020-12-24
TR00000261,W000001224,W000000623,431004.31,2020-05-18
TR00000262,W000000691,W000000338,506071.24,2021-02-22
TR00000263,W000001667,W000001482,850995.94,2020-08-23
TR00000264,W000000483,W000001611,513945.5,2020-02-24
TR00000265,W000001425,W000000807,821876.75,2019-12-15
TR00000266,W000001769,W000000147,27106.82,2020-02-08
TR00000267,W000001490,W000001554,371496.73,2021-06-07
TR00000268,W000000887,W000001188,186062.0,2020-03-24
TR00000269,W000001942,W000000588,286070.92,2019-05-18
TR00000270,W000001707,W000001503,629148.96,2020-10-20
TR00000271,W000001736,W000001342,931339.14,2021-04-27
TR00000272,W000001765,W000000306,374131.03,2019-11-03
TR00000273,W000000354,W000000419,602508.3,2020-11-23
TR00000274,W000000066,W000002000,487333.96,2020-11-15
TR00000275,W000001646,W000000817,27194.66,2020-04-09
TR00000276,W000001369,W000001579,358098.15,2019-01-19
TR00000277,W000001927,W000000163,232836.68,2020-05-05
TR00000278,W000001855,W000001243,407244.46,2021-04-06
TR00000279,W000000649,W000000295,660810.17,2020-03-21
TR00000280,W000000262,W000000337,505708.55,2020-10-25
TR00000281,W000001980,W000001691,843307.84,2019-01-12
TR00000282,W000001171,W000001729,102885.29,2020-09-10
TR00000283,W000001703,W000001868,254912.37,2021-12-21
TR00000284,W000001565,W000000073,291398.01,2019-05-01
TR00000285,W000000755,W000000540,83919.65,2021-03-17
TR00000286,W000000305,W000001046,453555.91,2019-04-18
TR00000287,W000001204,W000000884,63140.44,2019-06-30
TR00000288,W000001609,W000001129,275357.48,2019-03-19
TR00000289,W000000112,W000000920,630206.32,2019-11-17
TR00000290,W000000038,W000000496,515319.6,2021-11-12
TR00000291,W000001277,W000000405,316769.61,2020-04-21
TR00000292,W000000416,W000001375,421093.45,2021-10-01
TR00000293,W000001856,W000000701,890037.97,2021-01-31
TR00000294,W000001283,W000000508,756985.54,2019-03-16
TR00000295,W000001117,W000000608,113077.75,2019-09-14
TR00000296,W000000541,W000000109,178268.06,2020-12-19
TR00000297,W000000463,W000001016,616568.07,2019-06-17
TR00000298,W000001198,W000001082,712789.79,2021-09-13
TR00000299,W000001733,W000001647,759802.09,2019-11-18
TR00000300,W000000885,W000000565,539533.41,2021-02-09
TR00000301,W000000042,W000000146,668216.04,2020-08-28
TR00000302,W000000425,W000000853,896517.44,2019-06-23
TR00000303,W000000996,W000000983,430380.3,2020-10-17
TR00000304,W000001179,W000000763,782444.87,2019-10-14
TR00000305,W000001847,W000000261,349799.22,2020-05-16
TR00000306,W000001232,W000001251,666836.41,2020-08-27
TR00000307,W000001791,W000000166,648414.94,2020-03-31
TR00000308,W000000985,W000001849,141587.9,2019-11-24
TR00000309,W000001495,W000000201,159583.01,2021-08-06
TR00000310,W000001254,W000001901,863534.74,2021-09-03
TR00000311,W000001931,W000001054,672082.47,2019-07-27
TR00000312,W000000618,W000001512,610761.31,2020-04-10
TR00000313,W000000008,W000001435,382072.06,2020-08-14
TR00000314,W000001601,W000000139,877677.81,2021-04-03
TR00000315,W000001853,W000000714,777708.22,2021-06-29
TR00000316,W000000781,W000001967,860834.76,2019-02-14
TR00000317,W000001338,W000000059,419215.89,2019-02-10
TR00000318,W000000335,W000000497,25345.35,2019-05-05
TR00000319,W000001196,W000001317,99655.88,2020-03-14
TR00000320,W000000329,W000000089,982374.0,2019-10-20
TR00000321,W000001199,W000001470,353468.23,2021-02-23
TR00000322,W000001788,W000001149,327812.96,2022-03-09
TR00000323,W000000418,W000001110,54493.9,2019-12-02
TR00000324,W000000450,W000000007,482753.57,2021-02-21
TR00000325,W000000315,W000000719,457980.1,2020-04-16
TR00000326,W000000687,W000000624,286226.47,2020-06-28
TR00000327,W000000735,W000001510,536943.11,2021-07-13
TR00000328,W000000440,W000001399,309644.79,2022-01-26
TR00000329,W000000746,W000001076,279791.82,2021-08-22
TR00000330,W000000736,W000001989,405246.35,2020-02-23
TR00000331,W000000576,W000000892,461803.03,2022-01-12
TR00000332,W000001429,W000000089,406036.87,2020-02-10
TR00000333,W000001530,W000001317,884912.22,2021-12-17
TR00000334,W000000794,W000001894,665994.99,2020-11-18
TR00000335,W000000589,W000000457,207617.43,2021-09-19
TR00000336,W000000479,W000001222,176805.08,2021-05-13
TR00000337,W000001586,W000001704,148304.4,2019-06-30
TR00000338,W000001399,W000001031,58398.71,2020-07-31
TR00000339,W000001996,W000001680,153055.66,2021-03-22
TR00000340,W000000752,W000000005,144594.15,2019-05-07
TR00000341,W000000095,W000001263,329662.39,2019-08-20
TR00000342,W000001594,W000000865,467305.78,2021-10-27
TR00000343,W000001203,W000000485,143997.11,2020-02-25
TR00000344,W000000371,W000001501,90049.23,2021-05-26
TR00000345,W000000484,W000000364,206002.26,2022-02-11
TR00000346,W000001501,W000001304,497600.7,2020-07-18
TR00000347,W000001908,W000001468,42997.43,2020-03-01
TR00000348,W000001812,W000000913,999303.52,2021-03-21
TR00000349,W000000783,W000001388,369621.79,2022-01-28
TR00000350,W000000435,W000000765,167098.23,2020-10-15
TR00000351,W000001509,W000000049,416672.12,2020-06-30
TR00000352,W000001939,W000000935,940560.56,2022-03-11
TR00000353,W000000568,W000000550,718976.94,2019-11-29
TR00000354,W000001752,W000001891,898059.51,2020-05-24
TR00000355,W000000288,W000000114,773078.87,2020-10-16
TR00000356,W000000998,W000001992,788123.86,2020-04-07
TR00000357,W000000994,W000001412,354475.48,2019-04-05
TR00000358,W000001839,W000000399,206224.43,2019-02-20
TR00000359,W000001610,W000000666,132243.48,2019-03-15
TR00000360,W000001514,W000000772,21824.74,2020-01-11
TR00000361,W000001147,W000001067,945506.95,2020-07-15
TR00000362,W000001995,W000001256,500064.66,2021-03-01
TR00000363,W000001233,W000001589,809740.22,2019-01-16
TR00000364,W000000536,W000000797,951117.2,2021-01-21
TR00000365,W000001486,W000001753,372062.12,2020-08-17
TR00000366,W000001880,W000000299,735563.13,2021-08-21
TR00000367,W000001523,W000001222,336261.66,2019-05-10
TR00000368,W000001773,W000000813,271992.18,2019-07-05
TR00000369,W000000155,W000000738,884286.13,2020-08-10
TR00000370,W000001561,W000000134,567466.25,2021-06-15
TR00000371,W000001296,W000000853,105449.88,2020-07-28
TR00000372,W000001792,W000000571,150117.36,2019-10-25
TR00000373,W000001400,W000001910,40037.15,2020-11-20
TR00000374,W000001539,W000000340,89177.34,2020-11-15
TR00000375,W000000623,W000000921,512456.12,2019-05-27
TR00000376,W000001963,W000001891,445113.1,2021-08-11
TR00000377,W000001329,W000000937,773694.41,2020-02-05
TR00000378,W000000187,W000000016,978165.7,2021-08-13
TR00000379,W000000654,W000001168,610465.19,2019-11-23
TR00000380,W000001250,W000000829,581555.18,2019-12-07
TR00000381,W000001249,W000000328,423609.24,2019-08-11
TR00000382,W000001633,W000001638,600434.49,2019-10-03
TR00000383,W000000939,W000001924,12746.58,2021-08-01
TR00000384,W000000438,W000000461,601359.89,2019-07-21
TR00000385,W000000759,W000001315,260371.21,2020-12-17
TR00000386,W000000486,W000001605,206821.75,2020-03-25
TR00000387,W000001267,W000000766,369280.66,2021-03-18
TR00000388,W000001352,W000000721,712046.63,2021-09-06
TR00000389,W000001246,W000000713,777612.72,2021-02-18
TR00000390,W000001624,W000000875,532241.76,2020-11-26
TR00000391,W000000299,W000000222,164022.65,2021-02-17
TR00000392,W000000455,W000001281,820745.02,2020-10-19
TR00000393,W000000492,W000001506,672316.14,2019-06-18
TR00000394,W000001226,W000001378,631165.35,2020-04-05
TR00000395,W000001025,W000001924,870073.92,2019-03-04
TR00000396,W000000266,W000001100,425770.92,2020-11-11
TR00000397,W000000133,W000000608,431158.83,2019-03-06
TR00000398,W000001418,W000000671,752800.58,2021-03-28
TR00000399,W000001779,W000000344,96805.9,2022-02-07
TR00000400,W000000896,W000001669,199887.48,2021-12-16
TR00000401,W000001180,W000001457,935992.46,2020-03-26
TR00000402,W000001862,W000001949,865940.66,2019-06-14
TR00000403,W000000117,W000000202,851689.06,2019-03-03
TR00000404,W000001906,W000000374,498690.32,2021-01-15
TR00000405,W000000251,W000001461,552439.82,2019-05-30
TR00000406,W000001248,W000000256,630993.69,2021-02-22
TR00000407,W000001744,W000000633,998815.53,2020-06-29
TR00000408,W000000341,W000000268,456211.68,2019-11-06
TR00000409,W000000837,W000001201,698691.29,2019-02-14
TR00000410,W000001127,W000001650,727340.68,2020-03-17
TR00000411,W000000941,W000001091,639740.88,2022-02-08
TR00000412,W000001679,W000001699,285447.14,2022-03-12
TR00000413,W000001831,W000001800,106959.49,2020-11-20
TR00000414,W000000603,W000000653,944716.85,2019-05-27
TR00000415,W000001746,W000001423,486047.45,2019-04-16
TR00000416,W000001424,W000000956,116458.29,2020-12-02
TR00000417,W000001771,W000000949,783327.84,2020-08-12
TR00000418,W000000340,W000001799,356843.12,2021-08-06
TR00000419,W000000853,W000000986,51631.42,2022-02-19
TR00000420,W000001581,W000001780,450380.0,2021-12-17
TR00000421,W000001402,W000000952,656787.43,2019-01-06
TR00000422,W000001021,W000001741,77733.05,2021-02-04
TR00000423,W000001783,W000001673,103310.46,2020-07-08
TR00000424,W000000129,W000000538,361774.57,2021-08-27
TR00000425,W000000024,W000000060,592343.84,2020-07-03
TR00000426,W000000763,W000000322,290034.78,2019-01-02
TR00000427,W000000390,W000001967,123156.56,2019-11-03
TR00000428,W000000826,W000000860,795420.86,2021-01-09
TR00000429,W000000146,W000000279,225305.58,2019-12-07
TR00000430,W000000344,W000001394,360321.16,2021-12-31
TR00000431,W000001178,W000001411,272904.71,2019-12-26
TR00000432,W000001169,W000000993,719622.07,2020-04-16
TR00000433,W000001219,W000000116,435912.27,2022-03-01
TR00000434,W000000224,W000000744,285408.14,2021-03-30
TR00000435,W000000970,W000000729,797658.3,2020-02-06
TR00000436,W000000195,W000000738,661049.26,2019-08-15
TR00000437,W000000363,W000001435,539859.63,2021-09-06
TR00000438,W000000810,W000000002,539015.4,2021-09-18
TR00000439,W000001406,W000001465,495812.17,2021-11-29
TR00000440,W000001696,W000001766,203524.44,2020-02-01
TR00000441,W000001228,W000001627,118399.85,2019-09-23
TR00000442,W000001642,W000001305,170090.9,2020-08-25
TR00000443,W000001524,W000001234,349978.05,2020-02-19
TR00000444,W000001813,W000000003,900126.93,2020-11-05
TR00000445,W000001584,W000000460,355869.61,2020-10-30
TR00000446,W000001854,W000002000,727310.51,2021-07-16
TR00000447,W000001616,W000000555,12105.33,2022-03-04
TR00000448,W000000041,W000000333,725013.43,2019-09-28
TR00000449,W000001335,W000001346,647378.59,2021-10-15
TR00000450,W000001348,W000001374,972064.22,2019-06-21
TR00000451,W000001046,W000000831,458204.13,2019-02-10
TR00000452,W000000308,W000001360,662697.65,2019-04-22
TR00000453,W000001836,W000000647,467216.72,2021-05-03
TR00000454,W000001234,W000000745,691449.28,2019-02-07
TR00000455,W000001272,W000001564,245889.15,2019-02-26
TR00000456,W000001861,W000000814,863950.55,2019-03-11
TR00000457,W000000723,W000000771,924712.61,2021-04-08
TR00000458,W000000226,W000000739,364485.28,2019-08-18
TR00000459,W000001945,W000001866,102.57,2021-06-29
TR00000460,W000001153,W000000499,136233.64,2019-03-10
TR00000461,W000000355,W000001559,862255.83,2021-09-06
TR00000462,W000000029,W000001697,284888.01,2020-04-27
TR00000463,W000001704,W000000535,975948.04,2020-08-13
TR00000464,W000001821,W000000852,917127.65,2019-05-25
TR00000465,W000000518,W000001029,745076.08,2019-09-26
TR00000466,W000001544,W000000370,326747.37,2019-04-16
TR00000467,W000001146,W000001269,836115.84,2020-01-29
TR00000468,W000000634,W000001759,660249.01,2020-03-21
TR00000469,W000001643,W000001540,540210.27,2020-10-26
TR00000470,W000000422,W000001015,363335.98,2019-11-27
TR00000471,W000001650,W000000471,17483.36,2021-08-01
TR00000472,W000001715,W000000569,584543.42,2022-02-17
TR00000473,W000000771,W000000429,732234.18,2022-02-13
TR00000474,W000000874,W000000264,20072.97,2019-06-14
TR00000475,W000001109,W000001108,66715.61,2019-07-30
TR00000476,W000000273,W000000473,260722.03,2019-07-06
TR00000477,W000000243,W000000683,597174.44,2021-09-14
TR00000478,W000000369,W000000570,932536.81,2020-01-04
TR00000479,W000001410,W000001576,942331.57,2019-09-30
TR00000480,W000001035,W000001258,919411.25,2021-10-29
TR00000481,W000001326,W000001605,57684.19,2019-07-31
TR00000482,W000000135,W000001378,506918.59,2020-02-25
TR00000483,W000001780,W000001830,682549.55,2021-04-24
TR00000484,W000000605,W000001292,777213.74,2022-02-14
TR00000485,W000001759,W000000987,256855.61,2021-04-08
TR00000486,W000001301,W000001181,1536.66,2020-03-16
TR00000487,W000001172,W000001070,27818.44,2021-08-19
TR00000488,W000000239,W000000099,967441.72,2020-12-14
TR00000489,W000001743,W000000732,739147.6,2019-08-18
TR00000490,W000001387,W000000571,209594.75,2021-06-23
TR00000491,W000001911,W000001522,541100.34,2021-01-30
TR00000492,W000000189,W000001363,836595.48,2021-06-02
TR00000493,W000000779,W000001781,801920.86,2019-04-17
TR00000494,W000000725,W000000838,302030.0,2022-03-12
TR00000495,W000000720,W000000172,286010.46,2020-11-28
TR00000496,W000001531,W000001706,406535.04,2019-12-06
TR00000497,W000001187,W000001966,524553.56,2020-03-11
TR00000498,W000000665,W000000548,9125.46,2021-02-01
TR00000499,W000001286,W000000499,369418.31,2022-02-07
TR00000500,W000000571,W000001110,25939.94,2020-09-27
TR00000501,W000000118,W000000428,9008.11,2021-08-08
TR00000502,W000001194,W000001408,518231.82,2020-07-08
TR00000503,W000000283,W000001059,376872.31,2019-08-09
TR00000504,W000000475,W000001562,214411.18,2019-04-04
TR00000505,W000000409,W000000633,897416.96,2019-03-22
TR00000506,W000000987,W000001189,405647.61,2021-01-28
TR00000507,W000001103,W000000087,640747.54,2021-09-25
TR00000508,W000001098,W000001988,765458.42,2019-04-30
TR00000509,W000000638,W000001244,872561.23,2019-01-04
TR00000510,W000000656,W000000499,144679.46,2020-03-01
TR00000511,W000000787,W000001328,612194.9,2019-06-27
TR00000512,W000000138,W000001823,286152.93,2020-12-05
TR00000513,W000001192,W000001099,465082.07,2020-06-21
TR00000514,W000000134,W000001223,547982.86,2020-03-14
TR00000515,W000000945,W000000183,779776.65,2019-03-11
TR00000516,W000000973,W000001459,140418.58,2020-12-11
TR00000517,W000000880,W000000084,995756.47,2020-03-12
TR00000518,W000001072,W000000721,263856.2,2019-05-05
TR00000519,W000001691,W000000519,709581.83,2019-11-07
TR00000520,W000000300,W000000529,341552.71,2020-08-23
TR00000521,W000001508,W000000198,982462.08,2020-05-16
TR00000522,W000001170,W000001104,848900.96,2019-12-13
TR00000523,W000000799,W000001131,40159.78,2019-02-22
TR00000524,W000000295,W000000747,606105.77,2019-06-30
TR00000525,W000000854,W000001654,844596.3,2019-02-03
TR00000526,W000000301,W000001334,659668.7,2021-09-18
TR00000527,W000001981,W000001735,472442.28,2019-03-08
TR00000528,W000000517,W000000082,438643.97,2019-01-14
TR00000529,W000000253,W000001093,648248.81,2020-06-22
TR00000530,W000001669,W000000168,342472.52,2021-01-01
TR00000531,W000001430,W000001742,188565.71,2019-08-26
TR00000532,W000001582,W000000503,288451.88,2020-11-04
TR00000533,W000001071,W000001834,789134.53,2022-03-09
TR00000534,W000001683,W000000949,410719.69,2021-12-15
TR00000535,W000001925,W000001195,446848.79,2021-12-05
TR00000536,W000001161,W000000444,825313.8,2021-09-22
TR00000537,W000001760,W000000762,760231.03,2021-03-09
TR00000538,W000001081,W000000514,597859.73,2020-01-20
TR00000539,W000001158,W000001867,509244.5,2020-03-01
TR00000540,W000001689,W000001706,21979.3,2019-09-22
TR00000541,W000001883,W000000786,262206.52,2021-06-18
TR00000542,W000001412,W000000047,682728.67,2021-05-10
TR00000543,W000001639,W000000963,848681.65,2019-02-09
TR00000544,W000000856,W000000519,699752.66,2020-07-11
TR00000545,W000000174,W000001655,26590.6,2020-05-31
TR00000546,W000000207,W000001414,865668.83,2022-01-02
TR00000547,W000001119,W000000616,115939.42,2019-06-07
TR00000548,W000000956,W000001638,65758.93,2022-01-15
TR00000549,W000000424,W000001289,160443.1,2021-10-02
TR00000550,W000000336,W000001037,465511.22,2021-11-16
TR00000551,W000000516,W000001628,717103.02,2020-03-16
TR00000552,W000001738,W000000100,233238.23,2020-10-22
TR00000553,W000001340,W000001670,495235.58,2021-09-03
TR00000554,W000001505,W000001116,835477.92,2019-01-06
TR00000555,W000000609,W000000392,20735.48,2019-11-25
TR00000556,W000000228,W000001557,458597.59,2021-11-20
TR00000557,W000000937,W000001188,585833.91,2020-05-28
TR00000558,W000000223,W000001336,36233.26,2019-10-25
TR00000559,W000000907,W000000385,940583.1,2019-01-04
TR00000560,W000000011,W000001428,824725.81,2019-06-21
TR00000561,W000001870,W000000743,7759.36,2022-01-13
TR00000562,W000001033,W000000113,983960.13,2019-07-01
TR00000563,W000001619,W000001230,524300.87,2021-05-08
TR00000564,W000001625,W000000401,679021.63,2019-08-23
TR00000565,W000000520,W000000879,44878.1,2021-12-27
TR00000566,W000001479,W000000774,990421.97,2020-09-03
TR00000567,W000001484,W000000608,578850.43,2019-12-04
TR00000568,W000001576,W000000560,114912.29,2021-10-07
TR00000569,W000001374,W000000992,121085.48,2019-01-27
TR00000570,W000000692,W000000386,897035.22,2020-11-11
TR00000571,W000000593,W000000237,922938.76,2020-04-26
TR00000572,W000001409,W000000729,209899.99,2021-04-17
TR00000573,W000000515,W000000085,737401.01,2019-05-27
TR00000574,W000000443,W000000774,776451.97,2022-02-17
TR00000575,W000000680,W000001309,596406.88,2021-09-04
TR00000576,W000001471,W000001087,739133.35,2019-08-02
TR00000577,W000001692,W000000918,586293.85,2021-03-26
TR00000578,W000000362,W000001921,483292.49,2020-03-02
TR00000579,W000000947,W000000244,51526.51,2021-04-30
TR00000580,W000001918,W000000084,716072.2,2019-01-01
TR00000581,W000000670,W000001512,269835.79,2019-07-22
TR00000582,W000000493,W000001976,346751.85,2019-01-09
TR00000583,W000001840,W000000615,549631.93,2020-10-22
TR00000584,W000001189,W000001838,232578.56,2019-08-24
TR00000585,W000001737,W000000674,864249.53,2019-12-25
TR00000586,W000000064,W000000505,450854.26,2021-01-31
TR00000587,W000001597,W000001270,919232.0,2019-02-15
TR00000588,W000000588,W000001251,67096.98,2020-05-24
TR00000589,W000001881,W000000812,922581.94,2020-05-20
TR00000590,W000000298,W000001403,982387.69,2021-11-12
TR00000591,W000000791,W000000279,487539.85,2020-11-07
TR00000592,W000000081,W000001261,679253.03,2021-09-22
TR00000593,W000000990,W000001031,705472.34,2019-12-31
TR00000594,W000001229,W000001236,29944.36,2020-12-22
TR00000595,W000000645,W000001344,252729.52,2019-05-12
TR00000596,W000000549,W000000831,933553.04,2020-05-02
TR00000597,W000001060,W000000287,846720.38,2020-06-04
TR00000598,W000001129,W000000145,913315.26,2021-04-20
TR00000599,W000000098,W000001666,875284.53,2019-10-29
TR00000600,W000001987,W000000857,919855.5,2020-08-30
TR00000601,W000001709,W000001564,161666.26,2020-12-27
TR00000602,W000001259,W000000394,398644.07,2020-08-10
TR00000603,W000001270,W000000072,427614.56,2020-02-27
TR00000604,W000001077,W000000281,911728.91,2021-05-30
TR00000605,W000000364,W000000017,232233.76,2022-03-04
TR00000606,W000001517,W000001371,503098.89,2019-10-31
TR00000607,W000001686,W000001778,912693.77,2019-07-19
TR00000608,W000000377,W000001053,879287.8,2019-10-30
TR00000609,W000001564,W000000367,818466.15,2020-09-23
TR00000610,W000001168,W000001263,974136.31,2019-03-14
TR00000611,W000001632,W000000476,421253.46,2021-07-21
TR00000612,W000000962,W000000661,617985.26,2019-01-10
TR00000613,W000001354,W000001496,657561.51,2019-12-09
TR00000614,W000000352,W000000236,884698.39,2020-10-15
TR00000615,W000001772,W000000570,984975.1,2020-11-23
TR00000616,W000001540,W000000931,825464.84,2020-01-28
TR00000617,W000000432,W000001634,528603.78,2021-11-08
TR00000618,W000000269,W000000167,773634.83,2020-01-22
TR00000619,W000001420,W000001261,118243.85,2019-05-17
TR00000620,W000001699,W000001570,943926.74,2021-08-08
TR00000621,W000000357,W000001571,977138.67,2019-11-25
TR00000622,W000001940,W000001463,658308.16,2020-11-28
TR00000623,W000000320,W000000957,723313.33,2019-11-10
TR00000624,W000000859,W000001952,240228.06,2021-05-20
TR00000625,W000000176,W000000569,646267.98,2020-05-17
TR00000626,W000001671,W000000114,657179.29,2020-05-27
TR00000627,W000001193,W000000789,830706.57,2019-07-30
TR00000628,W000000646,W000000821,828134.87,2021-09-06
TR00000629,W000001243,W000001152,212867.34,2021-02-04
TR00000630,W000001452,W000001660,651314.61,2019-12-31
TR00000631,W000000718,W000000217,667758.1,2021-03-02
TR00000632,W000000819,W000000021,435653.68,2019-08-30
TR00000633,W000000325,W000001139,789699.49,2020-09-15
TR00000634,W000000263,W000001748,142010.14,2019-08-27
TR00000635,W000000872,W000000764,59809.58,2021-03-29
TR00000636,W000001314,W000000642,434467.97,2019-09-17
TR00000637,W000000703,W000000830,853444.3,2019-05-14
TR00000638,W000000491,W000000100,705234.13,2019-01-09
TR00000639,W000001049,W000001438,42019.55,2020-05-26
TR00000640,W000000107,W000001529,454606.42,2021-11-12
TR00000641,W000001451,W000000627,350450.28,2021-11-29
TR00000642,W000000792,W000001345,529815.95,2020-07-14
TR00000643,W000000084,W000000063,172498.73,2020-04-27
TR00000644,W000000124,W000000683,938323.99,2021-07-29
TR00000645,W000000628,W000001734,914506.44,2022-02-25
TR00000646,W000000184,W000000615,641569.55,2021-10-27
TR00000647,W000000594,W000001649,26121.83,2020-12-08
TR00000648,W000000607,W000000256,618010.65,2021-04-04
TR00000649,W000001994,W000000476,303947.98,2019-03-13
TR00000650,W000001922,W000000240,532524.82,2021-06-13
TR00000651,W000000245,W000000330,453896.75,2020-01-01
TR00000652,W000001230,W000001391,162761.82,2022-02-25
TR00000653,W000000624,W000001898,904660.67,2020-04-10
TR00000654,W000001575,W000000959,470282.6,2019-02-20
TR00000655,W000001167,W000000353,867988.47,2020-10-14
TR00000656,W000000997,W000000650,66674.23,2021-12-16
TR00000657,W000001904,W000000923,987794.72,2019-11-01
TR00000658,W000001408,W000001702,84885.71,2021-10-17
TR00000659,W000000328,W000001407,647909.62,2019-04-19
TR00000660,W000001966,W000001874,312120.32,2019-12-31
TR00000661,W000000332,W000001874,578549.63,2021-01-30
TR00000662,W000000761,W000001415,980783.2,2021-07-13
TR00000663,W000001323,W000001614,693775.02,2021-08-23
TR00000664,W000001858,W000001360,531991.56,2020-12-28
TR00000665,W000001104,W000001125,369287.28,2019-01-18
TR00000666,W000000429,W000001397,234260.71,2020-05-13
TR00000667,W000001260,W000001500,828558.27,2021-03-14
TR00000668,W000001188,W000001897,378848.35,2020-10-16
TR00000669,W000001936,W000001830,748537.08,2019-10-16
TR00000670,W000001349,W000000969,942282.43,2019-10-21
TR00000671,W000000919,W000001126,853148.35,2020-08-04
TR00000672,W000001568,W000000039,665941.61,2022-01-16
TR00000673,W000001299,W000000121,112087.02,2020-05-03
TR00000674,W000001208,W000000314,98055.19,2021-03-31
TR00000675,W000000453,W000000080,424879.42,2020-08-06
TR00000676,W000001395,W000001964,618473.36,2019-01-05
TR00000677,W000001567,W000001593,764212.69,2021-08-01
TR00000678,W000001973,W000000797,279945.64,2020-12-18
TR00000679,W000001592,W000000870,261898.99,2020-09-09
TR00000680,W000001014,W000001830,333595.13,2021-02-16
TR00000681,W000001714,W000000850,910839.81,2019-08-26
TR00000682,W000001468,W000001728,504974.18,2019-08-25
TR00000683,W000001217,W000001023,541431.0,2021-04-07
TR00000684,W000000714,W000001086,724272.8,2021-04-16
TR00000685,W000001462,W000001320,442549.73,2022-01-23
TR00000686,W000001634,W000001474,496988.96,2021-11-01
TR00000687,W000000715,W000001901,927347.83,2019-07-08
TR00000688,W000000815,W000000153,150053.91,2021-01-09
TR00000689,W000000166,W000001589,380645.81,2021-01-23
TR00000690,W000000302,W000000427,2651.53,2020-12-18
TR00000691,W000000547,W000000069,299519.71,2021-10-15
TR00000692,W000000389,W000001396,959587.68,2022-02-19
TR00000693,W000000005,W000000434,657925.6,2020-01-11
TR00000694,W000000173,W000000281,313550.93,2021-11-29
TR00000695,W000000469,W000001383,110746.31,2021-12-28
TR00000696,W000001472,W000000721,814395.59,2019-11-11
TR00000697,W000001828,W000001173,40479.88,2019-03-14
TR00000698,W000001441,W000001767,775009.35,2020-02-29
TR00000699,W000000989,W000000555,488397.67,2019-09-28
TR00000700,W000000959,W000001360,886777.04,2020-12-19
TR00000701,W000001915,W000001824,175833.88,2022-03-04
TR00000702,W000000966,W000000194,468087.84,2019-07-27
TR00000703,W000000052,W000001909,413675.19,2021-08-22
TR00000704,W000001688,W000000055,819586.34,2019-09-08
TR00000705,W000000437,W000000410,766714.14,2021-04-25
TR00000706,W000001605,W000001091,83452.12,2021-10-22
TR00000707,W000000185,W000001463,776832.15,2022-02-03
TR00000708,W000000439,W000001064,661141.3,2021-12-06
TR00000709,W000001065,W000000505,348229.77,2019-10-18
TR00000710,W000001810,W000000068,41596.34,2019-08-13
TR00000711,W000001405,W000000379,918972.18,2020-12-20
TR00000712,W000000978,W000001010,244572.71,2019-04-07
TR00000713,W000000116,W000001776,44918.45,2019-03-25
TR00000714,W000001331,W000001815,246720.17,2020-07-27
TR00000715,W000000497,W000001607,990501.85,2020-01-10
TR00000716,W000001006,W000001628,507751.57,2020-04-02
TR00000717,W000001864,W000001010,943455.95,2019-04-12
TR00000718,W000000199,W000001566,986484.67,2021-12-19
TR00000719,W000000534,W000001869,7906.48,2020-01-12
TR00000720,W000000666,W000000640,312020.36,2021-04-01
TR00000721,W000001614,W000001461,963440.18,2020-04-10
TR00000722,W000000682,W000001807,579339.1,2019-09-01
TR00000723,W000001603,W000001574,785217.47,2022-01-04
TR00000724,W000001236,W000001661,889683.18,2021-01-08
TR00000725,W000001700,W000001770,668669.93,2021-03-15
TR00000726,W000000268,W000001463,727592.88,2019-05-21
TR00000727,W000001819,W000001126,437681.09,2021-03-24
TR00000728,W000001212,W000001186,509734.12,2019-04-07
TR00000729,W000001263,W000000181,813675.04,2020-05-26
TR00000730,W000001896,W000001426,181116.85,2020-10-05
TR00000731,W000001991,W000000427,272664.54,2019-06-12
TR00000732,W000001237,W000000849,390049.16,2022-02-28
TR00000733,W000001079,W000000633,944872.58,2020-11-29
TR00000734,W000001201,W000000619,488925.88,2019-07-15
TR00000735,W000001454,W000000738,341076.06,2020-07-29
TR00000736,W000001890,W000000075,690740.8,2019-07-12
TR00000737,W000000888,W000001050,122058.97,2021-07-08
TR00000738,W000001496,W000000215,925090.48,2021-07-17
TR00000739,W000001835,W000001504,714636.9,2020-04-26
TR00000740,W000000674,W000000991,26772.02,2020-07-11
TR00000741,W000001375,W000001507,67588.86,2022-03-08
TR00000742,W000000753,W000001728,592087.79,2019-10-09
TR00000743,W000000276,W000000538,891370.66,2022-02-21
TR00000744,W000001528,W000001414,203463.6,2019-05-30
TR00000745,W000000524,W000000381,806549.24,2020-08-03
TR00000746,W000000248,W000000075,756348.76,2019-05-10
TR00000747,W000001113,W000001093,668581.9,2019-09-27
TR00000748,W000001166,W000001100,234937.32,2020-03-30
TR00000749,W000001886,W000000033,481885.2,2022-02-27
TR00000750,W000001488,W000000802,518577.9,2019-11-17
TR00000751,W000000249,W000001742,325957.83,2021-01-24
TR00000752,W000001096,W000000060,874388.66,2020-11-29
TR00000753,W000000881,W000001525,327794.03,2020-11-21
TR00000754,W000000019,W000000979,977139.89,2020-09-07
TR00000755,W000001967,W000000496,606592.47,2020-07-30
TR00000756,W000001341,W000000967,698308.25,2021-05-10
TR00000757,W000000776,W000001239,812871.15,2019-10-17
TR00000758,W000001937,W000001268,95277.22,2020-11-06
TR00000759,W000001218,W000000847,316778.2,2020-02-25
TR00000760,W000000931,W000001684,491270.71,2020-10-08
TR00000761,W000000002,W000000914,169173.22,2020-10-03
TR00000762,W000000983,W000001532,728582.65,2021-06-08
TR00000763,W000001817,W000000023,907946.03,2021-08-05
TR00000764,W000000456,W000001670,834093.27,2021-12-20
TR00000765,W000000602,W000000817,799537.75,2019-02-22
TR00000766,W000001566,W000001964,97260.37,2019-07-25
TR00000767,W000000604,W000000231,927393.17,2019-09-13
TR00000768,W000000121,W000001107,569591.17,2019-03-26
TR00000769,W000001143,W000001909,511987.84,2019-10-02
TR00000770,W000001631,W000000148,883825.79,2019-03-19
TR00000771,W000000545,W000001941,724270.77,2020-10-08
TR00000772,W000000020,W000000022,360515.98,2020-11-05
TR00000773,W000001606,W000001183,984277.01,2020-12-12
TR00000774,W000000122,W000001080,628060.11,2020-05-04
TR00000775,W000000884,W000001182,733520.37,2020-08-10
TR00000776,W000000500,W000001593,56272.46,2021-11-07
TR00000777,W000001106,W000000612,177840.75,2021-10-05
TR00000778,W000001999,W000001305,236012.08,2021-04-10
TR00000779,W000001713,W000001481,591372.02,2021-01-12
TR00000780,W000001998,W000000756,931818.85,2019-10-11
TR00000781,W000000531,W000000103,52763.23,2021-10-06
TR00000782,W000000240,W000001308,996604.95,2019-06-04
TR00000783,W000001903,W000001543,358805.05,2019-07-06
TR00000784,W000001808,W000000259,307180.85,2020-08-29
TR00000785,W000000835,W000001181,534122.58,2020-03-06
TR00000786,W000001308,W000001970,859057.38,2021-02-27
TR00000787,W000000769,W000001037,804239.5,2020-03-22
TR00000788,W000000648,W000000612,279427.31,2021-11-13
TR00000789,W000000864,W000000143,965015.79,2021-09-21
TR00000790,W000001891,W000000208,307311.52,2021-12-23
TR00000791,W000000501,W000001465,568646.64,2019-04-06
TR00000792,W000000827,W000001384,940447.01,2019-08-29
TR00000793,W000001719,W000001268,552536.76,2021-11-24
TR00000794,W000001241,W000001718,277880.76,2019-10-27
TR00000795,W000000732,W000001684,28936.99,2020-02-09
TR00000796,W000000326,W000000485,663713.27,2021-11-10
TR00000797,W000000660,W000000145,487449.51,2021-04-24
TR00000798,W000000393,W000001947,480020.01,2021-11-21
TR00000799,W000000285,W000000436,579171.55,2021-03-20
TR00000800,W000000219,W000000303,545565.84,2021-03-04
TR00000801,W000000507,W000001122,68192.15,2020-02-21
TR00000802,W000001684,W000001097,285417.5,2019-08-23
TR00000803,W000001741,W000001535,984237.15,2020-10-16
TR00000804,W000001055,W000001770,603857.28,2020-07-11
TR00000805,W000000798,W000000867,549677.48,2021-04-14
TR00000806,W000001321,W000000374,884113.95,2022-02-02
TR00000807,W000000590,W000001210,502114.02,2020-08-14
TR00000808,W000001045,W000001140,215003.72,2019-09-24
TR00000809,W000000773,W000000182,978733.57,2019-01-27
TR00000810,W000000940,W000000503,137422.35,2022-03-04
TR00000811,W000000820,W000001056,381622.55,2019-01-24
TR00000812,W000000995,W000000949,841347.98,2021-11-22
TR00000813,W000001466,W000000657,128418.55,2019-08-21
TR00000814,W000001591,W000000215,568509.09,2021-03-31
TR00000815,W000001379,W000000828,295600.83,2020-07-01
TR00000816,W000001887,W000001912,6569.81,2020-10-24
TR00000817,W000001151,W000000574,95817.77,2022-01-01
TR00000818,W000000519,W000001426,793719.55,2021-12-17
TR00000819,W000000709,W000000795,950268.16,2020-02-13
TR00000820,W000001626,W000000713,537129.23,2020-11-13
TR00000821,W000000367,W000000663,989975.53,2022-02-24
TR00000822,W000000214,W000000327,522370.47,2019-01-11
TR00000823,W000001136,W000000713,604812.83,2021-09-20
TR00000824,W000001057,W000001038,755934.7,2021-07-15
TR00000825,W000000960,W000001823,809830.54,2019-11-07
TR00000826,W000001680,W000000668,437179.01,2020-11-07
TR00000827,W000001928,W000001089,713837.76,2020-10-31
TR00000828,W000001493,W000000751,486688.77,2019-03-14
TR00000829,W000001919,W000001350,419130.52,2019-08-04
TR00000830,W000001909,W000001573,51117.65,2019-11-28
TR00000831,W000001834,W000000297,985357.09,2021-04-05
TR00000832,W000000898,W000000951,547614.46,2020-04-21
TR00000833,W000000244,W000000928,445626.63,2021-01-22
TR00000834,W000001437,W000001947,851673.28,2020-05-21
TR00000835,W000001852,W000001763,889811.5,2020-08-30
TR00000836,W000000877,W000001550,598176.88,2021-01-11
TR00000837,W000000768,W000001363,946891.9,2021-05-02
TR00000838,W000000218,W000000070,689105.41,2019-05-28
TR00000839,W000000533,W000001345,328999.5,2020-05-25
TR00000840,W000000071,W000000191,689305.67,2020-02-03
TR00000841,W000000926,W000001305,862698.28,2020-05-31
TR00000842,W000001022,W000000770,733625.7,2021-10-21
TR00000843,W000000667,W000000659,452060.98,2020-04-30
TR00000844,W000001175,W000000246,612972.7,2021-03-11
TR00000845,W000000048,W000001391,286729.43,2020-12-29
TR00000846,W000000413,W000000640,190633.72,2020-07-09
TR00000847,W000000196,W000001952,364950.07,2021-11-16
TR00000848,W000001396,W000001032,665442.94,2019-04-21
TR00000849,W000000396,W000001815,858070.64,2021-10-06
TR00000850,W000000625,W000000911,890302.9,2019-12-03
TR00000851,W000001816,W000001827,150761.33,2019-10-06
TR00000852,W000000539,W000001843,752871.07,2019-04-05
TR00000853,W000001527,W000000509,309234.79,2022-01-09
TR00000854,W000001535,W000001449,429217.95,2021-07-28
TR00000855,W000000849,W000001758,342814.16,2021-02-02
TR00000856,W000001871,W000000021,113204.42,2020-08-26
TR00000857,W000000175,W000001053,459113.26,2019-06-27
TR00000858,W000000261,W000000711,945849.95,2020-02-26
TR00000859,W000000070,W000000774,236713.64,2019-08-03
TR00000860,W000000358,W000001797,758933.75,2020-11-29
TR00000861,W000001095,W000001573,20586.92,2019-06-18
TR00000862,W000001134,W000001636,424052.06,2020-10-02
TR00000863,W000000976,W000000165,586251.92,2019-08-02
TR00000864,W000000925,W000000148,163073.15,2020-04-17
TR00000865,W000001589,W000000756,4930.67,2020-09-25
TR00000866,W000000274,W000001182,678565.74,2019-08-22
TR00000867,W000000085,W000001798,578706.81,2019-05-01
TR00000868,W000000140,W000001156,3983.05,2019-07-05
TR00000869,W000000986,W000001579,715534.62,2021-11-21
TR00000870,W000000318,W000001163,94995.85,2020-12-04
TR00000871,W000000057,W000000717,191692.81,2021-03-29
TR00000872,W000000879,W000000506,99563.18,2019-08-31
TR00000873,W000001463,W000000013,981232.68,2020-08-14
TR00000874,W000000013,W000001122,855351.96,2021-01-08
TR00000875,W000000934,W000000867,756856.71,2020-06-24
TR00000876,W000001089,W000000503,790825.59,2021-06-25
TR00000877,W000000845,W000001617,565487.76,2021-08-24
TR00000878,W000001503,W000000917,312426.91,2021-11-01
TR00000879,W000000915,W000001417,799744.42,2019-01-30
TR00000880,W000000527,W000000417,140308.83,2020-08-21
TR00000881,W000000153,W000000957,106438.72,2019-03-17
TR00000882,W000001346,W000000063,18359.39,2019-04-28
TR00000883,W000000509,W000001666,962847.08,2021-12-20
TR00000884,W000000130,W000000415,500267.07,2021-03-26
TR00000885,W000001964,W000001459,345231.19,2021-12-13
TR00000886,W000001543,W000000192,349885.0,2020-09-28
TR00000887,W000000169,W000001622,924783.34,2021-11-28
TR00000888,W000001120,W000000982,204171.02,2021-06-09
TR00000889,W000001044,W000001532,589090.62,2021-09-07
TR00000890,W000000123,W000001191,308290.36,2021-08-02
TR00000891,W000000203,W000000016,707915.92,2021-08-12
TR00000892,W000000795,W000001532,623397.13,2020-01-10
TR00000893,W000000322,W000001751,630955.89,2022-02-12
TR00000894,W000000938,W000000772,605742.34,2020-12-02
TR00000895,W000000414,W000000577,165371.32,2019-08-04
TR00000896,W000000360,W000001251,867645.59,2021-10-27
TR00000897,W000001519,W000001163,464282.95,2022-01-22
TR00000898,W000000865,W000001617,529534.88,2019-12-19
TR00000899,W000001271,W000001897,933140.92,2020-08-28
TR00000900,W000000565,W000001705,239491.6,2020-08-06
TR00000901,W000001868,W000000562,67360.34,2020-05-30
TR00000902,W000001787,W000000553,683523.2,2021-07-09
TR00000903,W000001298,W000001300,380065.11,2020-03-28
TR00000904,W000001156,W000000848,670444.78,2020-09-23
TR00000905,W000001322,W000001905,104922.98,2021-04-10
TR00000906,W000001665,W000000662,158284.99,2022-02-14
TR00000907,W000000394,W000001687,135112.2,2020-11-27
TR00000908,W000001125,W000001394,847480.07,2020-07-14
TR00000909,W000001698,W000000050,423902.43,2020-05-21
TR00000910,W000000577,W000001916,288052.09,2021-11-19
TR00000911,W000000498,W000000968,644298.33,2020-10-10
TR00000912,W000001220,W000001076,590642.88,2020-05-19
TR00000913,W000001710,W000000750,532386.91,2020-11-28
TR00000914,W000000612,W000000080,778915.78,2021-09-24
TR00000915,W000000086,W000000802,156448.95,2020-10-04
TR00000916,W000001897,W000001386,217899.52,2019-07-07
TR00000917,W000001948,W000000015,957042.8,2022-02-28
TR00000918,W000000933,W000000338,140897.86,2021-05-22
TR00000919,W000001622,W000001708,400572.66,2019-11-11
TR00000920,W000000220,W000000505,818877.83,2019-02-14
TR00000921,W000001087,W000001747,108648.74,2019-03-31
TR00000922,W000000911,W000000499,210240.92,2021-09-21
TR00000923,W000001005,W000000125,366506.05,2019-11-06
TR00000924,W000001317,W000001522,504688.97,2020-05-08
TR00000925,W000000800,W000001221,590247.67,2020-04-09
TR00000926,W000000785,W000001305,226505.7,2020-01-11
TR00000927,W000001215,W000000869,352978.23,2019-09-01
TR00000928,W000000814,W000000159,10195.37,2021-02-16
TR00000929,W000000431,W000000323,882060.65,2019-06-08
TR00000930,W000001621,W000001916,55885.98,2021-12-28
TR00000931,W000000890,W000001930,992666.49,2022-02-20
TR00000932,W000000200,W000000004,878071.78,2019-10-19
TR00000933,W000000839,W000001562,682944.2,2021-04-27
TR00000934,W000001910,W000001790,369587.13,2020-07-07
TR00000935,W000001265,W000001447,907045.35,2020-06-25
TR00000936,W000000711,W000001500,265000.44,2021-09-01
TR00000937,W000001717,W000000600,678911.47,2020-09-10
TR00000938,W000000952,W000000297,198294.91,2020-07-20
TR00000939,W000001740,W000000540,443127.84,2021-05-17
TR00000940,W000001815,W000000139,786568.87,2022-02-13
TR00000941,W000001604,W000000351,192169.69,2020-11-19
TR00000942,W000001793,W000000003,868460.55,2021-05-24
TR00000943,W000000054,W000000459,988603.22,2019-02-04
TR00000944,W000000727,W000000474,591839.61,2020-08-03
TR00000945,W000000712,W000001875,507282.97,2019-04-22
TR00000946,W000001365,W000000748,407322.86,2021-04-05
TR00000947,W000001532,W000001797,371413.58,2020-07-16
TR00000948,W000001944,W000000186,228439.37,2020-01-25
TR00000949,W000000010,W000001210,690129.62,2020-10-28
TR00000950,W000001367,W000001889,751741.81,2021-01-31
TR00000951,W000001968,W000001756,884916.77,2019-10-01
TR00000952,W000001837,W000000882,165366.13,2021-03-11
TR00000953,W000000067,W000000406,738175.37,2021-06-24
TR00000954,W000001933,W000001461,590725.33,2020-02-18
TR00000955,W000000510,W000001865,748193.03,2019-09-11
TR00000956,W000001031,W000001415,858562.06,2019-04-04
TR00000957,W000001388,W000001895,388719.77,2019-01-22
TR00000958,W000001184,W000000144,51320.26,2021-02-15
TR00000959,W000000035,W000001749,844420.4,2020-01-14
TR00000960,W000001083,W000002000,732411.28,2019-03-30
TR00000961,W000000477,W000000754,911360.34,2020-08-31
TR00000962,W000000514,W000001916,716581.79,2021-03-06
TR00000963,W000000260,W000001403,45050.85,2022-01-22
TR00000964,W000000136,W000000014,580966.29,2020-11-20
TR00000965,W000001009,W000000143,867702.35,2021-12-27
TR00000966,W000001027,W000000063,523520.29,2021-08-13
TR00000967,W000001304,W000001449,78150.41,2020-08-27
TR00000968,W000000657,W000001563,524444.05,2019-09-27
TR00000969,W000001902,W000001506,945113.77,2019-10-17
TR00000970,W000000757,W000001325,256806.38,2020-04-01
TR00000971,W000000330,W000000016,346849.55,2020-12-27
TR00000972,W000000082,W000000395,320647.18,2021-11-24
TR00000973,W000000017,W000000181,713332.69,2020-08-03
TR00000974,W000001111,W000000793,895707.6,2019-03-13
TR00000975,W000000751,W000000871,204295.17,2020-10-23
TR00000976,W000001764,W000001442,84153.53,2021-05-30
TR00000977,W000001829,W000001313,832720.24,2020-03-16
TR00000978,W000000404,W000000708,55897.24,2020-11-27
TR00000979,W000000804,W000001901,611788.25,2020-02-11
TR00000980,W000000113,W000001342,509147.12,2019-08-13
TR00000981,W000001932,W000000376,719324.3,2021-05-30
TR00000982,W000001384,W000000303,22801.46,2019-10-22
TR00000983,W000001294,W000000380,709477.17,2020-04-05
TR00000984,W000001512,W000001456,392310.86,2019-10-14
TR00000985,W000000198,W000001553,936928.49,2021-10-12
TR00000986,W000001209,W000000579,182327.6,2020-08-23
TR00000987,W000001651,W000001716,747012.15,2021-09-05
TR00000988,W000001038,W000001585,67445.55,2019-05-23
TR00000989,W000000294,W000001360,282287.19,2020-03-08
TR00000990,W000000039,W000001916,396231.43,2019-03-09
TR00000991,W000000681,W000000465,301645.83,2020-06-28
TR00000992,W000000102,W000001274,618020.55,2019-09-25
TR00000993,W000000421,W000000882,832368.24,2019-04-16
TR00000994,W000000105,W000000569,28709.38,2020-09-25
TR00000995,W000000365,W000000869,868754.43,2021-07-22
TR00000996,W000001848,W000000016,545245.14,2019-11-27
TR00000997,W000000650,W000000252,717087.83,2019-02-02
TR00000998,W000001502,W000001885,633401.15,2021-04-25
TR00000999,W000001677,W000000796,644645.36,2020-08-31
