Withdraw ID,Wallet_ID,Amount,Withdraw_Date
WI00000001,W000000059,14984,2019-03-16
WI00000002,W000001228,39949,2019-03-21
WI00000003,W000000006,38251,2021-01-15
WI00000004,W000000818,33766,2020-11-07
WI00000005,W000000120,178,2020-06-14
WI00000006,W000000761,4755,2020-10-31
WI00000007,W000001573,14285,2021-05-25
WI00000008,W000000842,82,2021-10-18
WI00000009,W000000119,17285,2019-03-23
WI00000010,W000001799,4606,2020-02-16
WI00000011,W000000958,14247,2019-12-14
WI00000012,W000001490,13483,2019-04-28
WI00000013,W000001419,33945,2022-03-02
WI00000014,W000000872,28626,2019-02-09
WI00000015,W000000955,13320,2021-12-10
WI00000016,W000001392,14892,2020-07-13
WI00000017,W000000570,13446,2022-01-09
WI00000018,W000000104,23150,2019-05-16
WI00000019,W000000559,4714,2020-12-04
WI00000020,W000000936,42652,2021-01-25
WI00000021,W000001346,6014,2019-01-16
WI00000022,W000001564,20947,2019-03-11
WI00000023,W000000408,15697,2019-06-03
WI00000024,W000001279,26391,2021-03-11
WI00000025,W000000247,27002,2020-06-25
WI00000026,W000000919,42996,2020-03-07
WI00000027,W000001171,17259,2019-05-27
WI00000028,W000000728,38218,2021-05-24
WI00000029,W000000921,9722,2020-11-11
WI00000030,W000000015,35839,2019-01-11
WI00000031,W000000585,26120,2020-01-11
WI00000032,W000001054,43433,2019-02-01
WI00000033,W000001696,40955,2019-05-10
WI00000034,W000001302,27873,2022-02-28
WI00000035,W000000006,13896,2022-02-23
WI00000036,W000001079,27535,2019-01-01
WI00000037,W000001568,16015,2021-09-27
WI00000038,W000001446,1734,2019-06-27
WI00000039,W000001646,9432,2021-02-02
WI00000040,W000001091,32993,2019-11-23
WI00000041,W000001168,15384,2021-10-15
WI00000042,W000000558,17923,2021-04-25
WI00000043,W000000517,11794,2019-03-09
WI00000044,W000001919,3963,2022-01-27
WI00000045,W000001428,42406,2020-02-21
WI00000046,W000000224,25903,2019-11-02
WI00000047,W000001053,11556,2021-10-19
WI00000048,W000001842,12317,2021-12-19
WI00000049,W000001689,1861,2019-07-27
WI00000050,W000000580,47719,2021-03-09
WI00000051,W000000118,24435,2019-12-24
WI00000052,W000000910,33079,2020-09-02
WI00000053,W000001913,25269,2021-12-15
WI00000054,W000001431,12855,2020-04-03
WI00000055,W000001005,35101,2021-04-11
WI00000056,W000001191,37172,2019-11-26
WI00000057,W000001944,27889,2019-10-15
WI00000058,W000000277,11695,2022-02-22
WI00000059,W000000230,25430,2021-12-26
WI00000060,W000000762,11942,2019-04-28
WI00000061,W000001392,27697,2019-05-14
WI00000062,W000000769,23488,2020-11-29
WI00000063,W000000334,21270,2021-09-18
WI00000064,W000001374,45430,2021-09-07
WI00000065,W000001917,46900,2019-04-21
WI00000066,W000000842,37262,2020-10-16
WI00000067,W000000691,33195,2020-01-05
WI00000068,W000001913,13304,2020-10-18
WI00000069,W000001185,48010,2022-01-24
WI00000070,W000000575,49617,2019-06-21
WI00000071,W000000250,323,2022-03-11
WI00000072,W000000962,6345,2019-10-05
WI00000073,W000000982,36028,2021-04-13
WI00000074,W000000337,41537,2020-05-04
WI00000075,W000001626,48148,2021-04-26
WI00000076,W000001160,19351,2021-06-18
WI00000077,W000000200,25013,2021-02-23
WI00000078,W000001746,44146,2019-10-20
WI00000079,W000000493,5468,2021-04-21
WI00000080,W000001364,49526,2019-06-25
WI00000081,W000001284,36655,2021-10-18
WI00000082,W000000675,41727,2022-03-07
WI00000083,W000000230,3094,2020-06-30
WI00000084,W000000828,17234,2019-08-05
WI00000085,W000001431,33764,2019-06-13
WI00000086,W000001670,44344,2019-11-29
WI00000087,W000001829,11458,2019-01-29
WI00000088,W000001603,566,2022-03-14
WI00000089,W000000036,47109,2021-04-26
WI00000090,W000001221,43751,2020-09-23
WI00000091,W000001412,39666,2022-02-11
WI00000092,W000000781,33661,2019-12-17
WI00000093,W000000098,38214,2021-09-29
WI00000094,W000001908,31147,2021-09-09
WI00000095,W000001798,9121,2022-03-07
WI00000096,W000001567,27221,2019-03-15
WI00000097,W000000861,34638,2021-07-06
WI00000098,W000000453,21002,2020-10-30
WI00000099,W000000550,39875,2021-10-19
WI00000100,W000001330,45996,2020-10-13
WI00000101,W000000148,6697,2021-02-18
WI00000102,W000000478,34926,2020-05-21
WI00000103,W000001508,4408,2019-07-13
WI00000104,W000001764,36761,2020-12-21
WI00000105,W000000028,38512,2019-06-27
WI00000106,W000001986,18170,2019-05-18
WI00000107,W000001230,25498,2022-03-08
WI00000108,W000001494,16351,2019-03-28
WI00000109,W000000027,48623,2019-03-25
WI00000110,W000001125,254,2021-03-02
WI00000111,W000001693,43497,2021-11-09
WI00000112,W000000678,36400,2021-06-14
WI00000113,W000000580,32260,2020-10-31
WI00000114,W000000975,3086,2019-12-10
WI00000115,W000001964,38207,2021-05-06
WI00000116,W000000046,4685,2021-07-04
WI00000117,W000000216,7690,2021-09-06
WI00000118,W000000413,26725,2020-08-17
WI00000119,W000000157,32201,2020-09-25
WI00000120,W000001412,46828,2020-01-18
WI00000121,W000000381,34091,2020-01-12
WI00000122,W000000467,23939,2019-09-24
WI00000123,W000000951,6350,2019-01-05
WI00000124,W000000069,29994,2019-07-06
WI00000125,W000000922,49359,2019-11-15
WI00000126,W000001392,21347,2021-05-22
WI00000127,W000000910,16131,2020-03-24
WI00000128,W000001194,18943,2020-01-25
WI00000129,W000000619,27257,2021-09-08
WI00000130,W000001578,30386,2020-11-25
WI00000131,W000000042,38615,2021-09-27
WI00000132,W000000582,23391,2021-06-25
WI00000133,W000000066,40763,2021-02-26
WI00000134,W000001021,4617,2021-07-14
WI00000135,W000000564,801,2019-05-13
WI00000136,W000001006,42971,2019-06-03
WI00000137,W000000896,33710,2020-11-19
WI00000138,W000001406,38080,2019-01-15
WI00000139,W000000459,14932,2022-01-04
WI00000140,W000001385,28613,2019-05-03
WI00000141,W000000649,6912,2021-07-17
WI00000142,W000001599,11296,2021-05-31
WI00000143,W000001076,7363,2021-08-06
WI00000144,W000000532,32232,2021-01-11
WI00000145,W000000542,47714,2022-03-11
WI00000146,W000000563,33269,2019-09-16
WI00000147,W000001236,30542,2020-01-19
WI00000148,W000001421,28838,2021-12-25
WI00000149,W000000002,27647,2019-10-07
WI00000150,W000000910,42721,2021-05-29
WI00000151,W000000814,24819,2021-09-10
WI00000152,W000000120,5558,2020-04-17
WI00000153,W000001566,44418,2021-07-28
WI00000154,W000000065,36858,2021-10-03
WI00000155,W000001885,13765,2020-01-29
WI00000156,W000000722,6808,2022-02-11
WI00000157,W000000019,36829,2021-02-09
WI00000158,W000000445,9466,2021-01-22
WI00000159,W000001903,31303,2019-07-02
WI00000160,W000000076,5762,2022-03-12
WI00000161,W000001477,31960,2019-04-25
WI00000162,W000001593,12151,2020-03-19
WI00000163,W000001188,17,2019-08-17
WI00000164,W000001323,15313,2022-01-02
WI00000165,W000000526,21575,2019-03-05
WI00000166,W000000488,35636,2019-08-07
WI00000167,W000000873,20931,2020-06-14
WI00000168,W000001392,30364,2021-11-28
WI00000169,W000000098,20064,2022-01-27
WI00000170,W000001025,3161,2019-10-03
WI00000171,W000000130,29990,2020-10-22
WI00000172,W000001376,14884,2020-07-26
WI00000173,W000001288,2707,2021-06-17
WI00000174,W000001352,25868,2022-01-16
WI00000175,W000001327,43916,2019-09-27
WI00000176,W000001059,20160,2020-06-08
WI00000177,W000000239,4737,2021-01-14
WI00000178,W000000059,40508,2020-10-11
WI00000179,W000001072,5119,2021-07-30
WI00000180,W000000225,5089,2022-03-09
WI00000181,W000000456,8711,2020-10-06
WI00000182,W000001177,422,2022-01-09
WI00000183,W000001724,10164,2021-04-09
WI00000184,W000000002,23699,2019-06-26
WI00000185,W000000445,2667,2021-10-18
WI00000186,W000001198,30779,2019-12-03
WI00000187,W000001168,47466,2019-02-11
WI00000188,W000000120,2393,2020-08-23
WI00000189,W000000808,41684,2022-01-14
WI00000190,W000000107,483,2019-09-28
WI00000191,W000001847,48935,2021-04-13
WI00000192,W000001159,38249,2022-03-07
WI00000193,W000001037,23081,2019-06-18
WI00000194,W000000919,5572,2022-03-05
WI00000195,W000000330,23471,2020-06-11
WI00000196,W000001798,28316,2019-03-04
WI00000197,W000000234,46264,2020-02-07
WI00000198,W000001965,22351,2019-11-23
WI00000199,W000001604,41329,2021-06-29
WI00000200,W000001549,47157,2021-05-07
WI00000201,W000001961,35555,2021-04-06
WI00000202,W000000735,35928,2022-03-07
WI00000203,W000000625,29618,2019-01-18
WI00000204,W000000958,41556,2020-04-13
WI00000205,W000001332,49019,2019-08-15
WI00000206,W000000922,8049,2019-04-16
WI00000207,W000001966,47511,2021-08-14
WI00000208,W000001653,7130,2021-06-22
WI00000209,W000000799,22686,2020-05-15
WI00000210,W000000740,36310,2022-01-07
WI00000211,W000001079,27471,2021-10-19
WI00000212,W000000684,8424,2022-02-07
WI00000213,W000000299,49305,2019-05-31
WI00000214,W000001867,45903,2021-02-12
WI00000215,W000000723,12970,2020-01-25
WI00000216,W000000162,35724,2020-09-03
WI00000217,W000001965,43487,2019-08-15
WI00000218,W000001753,38914,2020-07-18
WI00000219,W000001377,45385,2021-11-01
WI00000220,W000001685,3664,2021-08-10
WI00000221,W000001917,8021,2019-12-26
WI00000222,W000001517,41223,2019-09-27
WI00000223,W000000888,15718,2021-09-22
WI00000224,W000001384,3381,2022-01-18
WI00000225,W000001571,14333,2019-09-23
WI00000226,W000001251,30208,2019-10-21
WI00000227,W000000477,14477,2020-06-20
WI00000228,W000001984,340,2020-02-03
WI00000229,W000000406,4125,2020-10-15
WI00000230,W000000944,30732,2021-01-01
WI00000231,W000001386,15295,2022-02-05
WI00000232,W000001210,5780,2022-01-16
WI00000233,W000001479,47599,2019-11-23
WI00000234,W000000222,49046,2021-02-06
WI00000235,W000000847,7182,2022-02-22
WI00000236,W000001739,46756,2019-06-27
WI00000237,W000000931,6800,2019-04-08
WI00000238,W000001091,7986,2019-10-24
WI00000239,W000001279,28247,2020-07-11
WI00000240,W000001407,39370,2019-08-19
WI00000241,W000001658,14209,2020-08-15
WI00000242,W000000150,16067,2021-03-25
WI00000243,W000001312,44647,2019-01-08
WI00000244,W000000207,35279,2020-04-17
WI00000245,W000001088,18259,2020-06-27
WI00000246,W000001412,29520,2019-06-04
WI00000247,W000000108,32227,2021-01-28
WI00000248,W000000676,30567,2021-01-03
WI00000249,W000000836,11102,2020-04-18
WI00000250,W000000513,6877,2021-04-15
WI00000251,W000000363,36649,2021-05-25
WI00000252,W000000193,4622,2019-10-06
WI00000253,W000001278,49888,2020-04-28
WI00000254,W000000092,21954,2020-07-06
WI00000255,W000001772,34427,2021-03-13
WI00000256,W000000784,46743,2021-04-03
WI00000257,W000000596,38117,2022-03-01
WI00000258,W000000790,17441,2020-03-30
WI00000259,W000001415,9603,2020-06-11
WI00000260,W000000157,38699,2019-07-09
WI00000261,W000000994,5376,2020-07-24
WI00000262,W000000594,32388,2020-11-07
WI00000263,W000001646,12660,2021-11-08
WI00000264,W000001799,14819,2019-05-14
WI00000265,W000000949,37771,2020-01-29
WI00000266,W000000777,39592,2019-10-19
WI00000267,W000001086,26638,2020-07-16
WI00000268,W000001820,45888,2022-02-03
WI00000269,W000001562,33854,2021-10-21
WI00000270,W000000697,31138,2022-02-20
WI00000271,W000000545,41966,2022-02-18
WI00000272,W000000584,734,2020-03-18
WI00000273,W000000062,32637,2021-11-26
WI00000274,W000001238,8265,2020-03-02
WI00000275,W000001059,28301,2019-10-06
WI00000276,W000000178,41347,2021-02-19
WI00000277,W000001775,12533,2019-10-19
WI00000278,W000000676,31788,2019-07-05
WI00000279,W000001076,11045,2020-09-26
WI00000280,W000000789,22726,2019-05-21
WI00000281,W000000841,31352,2021-03-17
WI00000282,W000001864,35879,2021-06-04
WI00000283,W000000620,43067,2019-11-30
WI00000284,W000000858,35695,2020-02-23
WI00000285,W000000024,11279,2022-02-08
WI00000286,W000001244,20135,2019-01-23
WI00000287,W000001474,49721,2019-09-09
WI00000288,W000001124,26704,2020-05-07
WI00000289,W000001753,47338,2020-04-02
WI00000290,W000000612,38974,2019-12-16
WI00000291,W000000780,47011,2019-09-05
WI00000292,W000000986,38210,2020-01-20
WI00000293,W000001198,32453,2019-06-26
WI00000294,W000000532,33309,2019-11-08
WI00000295,W000000822,25028,2020-08-25
WI00000296,W000001822,754,2020-05-27
WI00000297,W000001193,25268,2021-04-24
WI00000298,W000001362,35905,2019-07-25
WI00000299,W000000479,18463,2022-03-05
WI00000300,W000001455,22399,2019-11-20
WI00000301,W000001086,1885,2022-01-23
WI00000302,W000000032,22255,2019-12-15
WI00000303,W000000276,22792,2020-12-13
WI00000304,W000001520,30738,2021-03-29
WI00000305,W000001442,5465,2021-05-14
WI00000306,W000001055,8122,2020-12-08
WI00000307,W000001821,27157,2019-04-23
WI00000308,W000001816,5059,2019-07-01
WI00000309,W000001972,35200,2021-01-28
WI00000310,W000000312,25516,2021-03-21
WI00000311,W000000275,25023,2019-07-12
WI00000312,W000001717,12382,2021-05-03
WI00000313,W000000397,19918,2021-02-08
WI00000314,W000000919,18794,2019-12-09
WI00000315,W000001867,47977,2019-12-20
WI00000316,W000000031,13200,2020-05-25
WI00000317,W000000072,39750,2020-08-13
WI00000318,W000001063,2492,2021-11-23
WI00000319,W000001484,35981,2019-10-30
WI00000320,W000000042,39192,2021-06-09
WI00000321,W000000347,33110,2019-01-03
WI00000322,W000001924,30500,2019-01-18
WI00000323,W000001181,21848,2020-01-24
WI00000324,W000000984,46893,2021-10-24
WI00000325,W000001918,1629,2019-02-21
WI00000326,W000000654,6664,2019-10-19
WI00000327,W000001586,42744,2020-04-10
WI00000328,W000000976,29257,2020-06-22
WI00000329,W000000003,15339,2022-03-08
WI00000330,W000000989,32368,2019-12-26
WI00000331,W000000560,16222,2021-08-04
WI00000332,W000001790,30283,2020-01-18
WI00000333,W000000657,41374,2019-11-23
WI00000334,W000001936,17194,2021-05-20
WI00000335,W000001368,22733,2021-06-20
WI00000336,W000001421,365,2022-03-05
WI00000337,W000001290,41306,2020-07-25
WI00000338,W000001484,10256,2021-12-15
WI00000339,W000001250,21014,2019-09-28
WI00000340,W000001085,18053,2021-01-07
WI00000341,W000000620,6848,2020-05-06
WI00000342,W000000876,21733,2021-09-19
WI00000343,W000000166,30092,2021-12-04
WI00000344,W000001484,31304,2020-04-29
WI00000345,W000000657,8121,2019-05-01
WI00000346,W000000244,46009,2020-05-20
WI00000347,W000001323,40897,2019-10-30
WI00000348,W000000441,27077,2019-11-18
WI00000349,W000000044,36854,2019-03-15
WI00000350,W000001021,19893,2019-12-30
WI00000351,W000001541,46392,2019-10-17
WI00000352,W000000849,46199,2020-11-28
WI00000353,W000001948,39628,2020-09-18
WI00000354,W000000035,21984,2020-04-05
WI00000355,W000001221,8875,2022-01-29
WI00000356,W000001124,47038,2019-01-16
WI00000357,W000000366,16205,2020-11-24
WI00000358,W000000031,30649,2021-12-04
WI00000359,W000001863,44991,2020-02-14
WI00000360,W000000302,48043,2019-02-19
WI00000361,W000001560,1270,2019-03-06
WI00000362,W000001095,19814,2019-12-01
WI00000363,W000001603,1076,2021-06-29
WI00000364,W000001522,23249,2019-06-04
WI00000365,W000000437,20191,2021-12-19
WI00000366,W000001979,42179,2021-12-18
WI00000367,W000001842,11322,2020-02-21
WI00000368,W000000162,22947,2019-11-26
WI00000369,W000001571,37230,2020-06-14
WI00000370,W000000866,25395,2021-04-07
WI00000371,W000000573,30469,2021-02-09
WI00000372,W000000589,25943,2020-02-01
WI00000373,W000000036,1539,2021-12-13
WI00000374,W000001370,32416,2021-08-11
WI00000375,W000000748,48740,2019-11-08
WI00000376,W000000096,1590,2021-02-07
WI00000377,W000000143,20836,2021-08-06
WI00000378,W000000003,22800,2021-04-11
WI00000379,W000000897,45011,2021-12-10
WI00000380,W000001816,11826,2019-09-03
WI00000381,W000001198,10111,2020-11-13
WI00000382,W000000460,38218,2020-06-04
WI00000383,W000000271,1098,2021-08-28
WI00000384,W000000438,5082,2020-03-10
WI00000385,W000001904,21401,2019-03-03
WI00000386,W000000522,15194,2020-01-15
WI00000387,W000001442,7519,2019-01-23
WI00000388,W000001599,18954,2021-06-07
WI00000389,W000000378,21806,2021-10-22
WI00000390,W000000831,11113,2022-01-09
WI00000391,W000001148,24610,2021-07-29
WI00000392,W000000612,17270,2020-06-04
WI00000393,W000001791,48531,2021-10-30
WI00000394,W000001595,22701,2019-02-03
WI00000395,W000000233,43783,2019-08-01
WI00000396,W000000059,27181,2019-06-12
WI00000397,W000000687,18313,2021-06-17
WI00000398,W000001722,22903,2021-07-29
WI00000399,W000000199,13289,2021-07-16
WI00000400,W000001535,12138,2021-02-17
WI00000401,W000000822,14096,2020-08-06
WI00000402,W000000841,16415,2019-04-10
WI00000403,W000001535,30294,2019-04-19
WI00000404,W000000550,43413,2020-03-27
WI00000405,W000000465,18865,2019-08-27
WI00000406,W000000815,11110,2019-03-23
WI00000407,W000001312,31372,2020-10-16
WI00000408,W000001187,38826,2019-11-07
WI00000409,W000000417,45233,2022-02-04
WI00000410,W000001993,47038,2019-02-22
WI00000411,W000000752,28096,2019-08-01
WI00000412,W000000130,28585,2021-03-31
WI00000413,W000000608,7042,2021-03-20
WI00000414,W000000333,13931,2021-09-12
WI00000415,W000000893,27931,2019-02-28
WI00000416,W000000120,21698,2019-12-07
WI00000417,W000000846,8216,2020-02-05
WI00000418,W000001217,14850,2020-08-18
WI00000419,W000001739,24442,2021-08-31
WI00000420,W000001375,24512,2020-08-25
WI00000421,W000000865,33659,2019-01-28
WI00000422,W000000247,11939,2021-09-18
WI00000423,W000001554,12868,2019-04-13
WI00000424,W000000080,42384,2021-10-08
WI00000425,W000001575,14460,2021-08-06
WI00000426,W000001099,31549,2019-03-10
WI00000427,W000001407,45330,2019-10-24
WI00000428,W000001400,20034,2019-03-02
WI00000429,W000001066,5341,2021-06-26
WI00000430,W000001942,14085,2020-07-04
WI00000431,W000001051,19639,2019-07-27
WI00000432,W000001645,43754,2019-11-07
WI00000433,W000000071,21617,2021-12-04
WI00000434,W000000444,22371,2019-01-11
WI00000435,W000001944,22833,2019-11-12
WI00000436,W000000239,46806,2019-04-02
WI00000437,W000000321,43902,2019-08-29
WI00000438,W000000027,12971,2019-05-28
WI00000439,W000000814,46478,2020-05-02
WI00000440,W000001685,45799,2021-11-05
WI00000441,W000000003,46793,2020-05-14
WI00000442,W000000577,4092,2021-02-17
WI00000443,W000000969,15285,2021-07-19
WI00000444,W000000193,29270,2020-02-24
WI00000445,W000000444,38786,2022-01-18
WI00000446,W000000505,44090,2021-12-17
WI00000447,W000000107,6176,2020-01-10
WI00000448,W000001606,30157,2020-10-09
WI00000449,W000000027,49290,2020-06-07
WI00000450,W000000751,5662,2019-09-04
WI00000451,W000000469,42020,2019-12-04
WI00000452,W000000169,45142,2021-09-21
WI00000453,W000001730,27114,2022-01-22
WI00000454,W000001243,48520,2021-09-25
WI00000455,W000000081,7655,2020-12-29
WI00000456,W000000902,15167,2021-07-23
WI00000457,W000001858,46996,2020-08-11
WI00000458,W000001399,46874,2020-08-08
WI00000459,W000001378,22356,2022-02-02
WI00000460,W000000572,38110,2021-10-20
WI00000461,W000001947,10350,2021-05-08
WI00000462,W000000913,19979,2019-06-07
WI00000463,W000001714,15403,2020-07-12
WI00000464,W000000921,30749,2019-09-15
WI00000465,W000001145,20788,2020-01-22
WI00000466,W000000732,18572,2019-04-27
WI00000467,W000001100,34937,2019-01-12
WI00000468,W000001919,16603,2020-08-14
WI00000469,W000001523,28742,2020-08-08
WI00000470,W000000537,28350,2021-12-19
WI00000471,W000001097,5318,2019-11-19
WI00000472,W000000912,35091,2020-06-29
WI00000473,W000001604,36111,2022-01-15
WI00000474,W000000123,42815,2020-02-24
WI00000475,W000000952,46461,2021-02-05
WI00000476,W000000332,37173,2019-07-20
WI00000477,W000000150,14705,2021-08-28
WI00000478,W000001455,30047,2020-05-11
WI00000479,W000001598,28820,2022-01-04
WI00000480,W000000098,32074,2019-10-15
WI00000481,W000001570,31474,2021-10-11
WI00000482,W000000952,17840,2019-11-13
WI00000483,W000001658,5626,2022-01-18
WI00000484,W000000285,38687,2021-10-04
WI00000485,W000001626,30831,2020-11-17
WI00000486,W000001727,28235,2020-02-27
WI00000487,W000001323,1938,2020-01-01
WI00000488,W000000986,44694,2021-06-12
WI00000489,W000001397,80,2022-02-06
WI00000490,W000001442,2443,2020-04-24
WI00000491,W000001139,13441,2021-09-18
WI00000492,W000001161,15806,2020-11-06
WI00000493,W000001309,10307,2021-02-12
WI00000494,W000001832,21890,2022-03-13
WI00000495,W000001658,42340,2021-06-28
WI00000496,W000000910,44471,2020-08-27
WI00000497,W000001874,33894,2019-06-28
WI00000498,W000001623,40417,2019-10-29
WI00000499,W000000922,41336,2019-08-21
WI00000500,W000000208,20879,2019-12-25
WI00000501,W000000802,30219,2019-01-02
WI00000502,W000000631,42143,2020-05-27
WI00000503,W000001909,18083,2019-01-26
WI00000504,W000001244,711,2019-10-23
WI00000505,W000001670,14859,2019-03-09
WI00000506,W000000886,7240,2021-06-02
WI00000507,W000001789,21892,2019-06-19
WI00000508,W000000580,35835,2021-06-17
WI00000509,W000001421,29219,2019-04-19
WI00000510,W000000243,43525,2021-06-08
WI00000511,W000000043,26486,2021-01-16
WI00000512,W000001305,23600,2022-03-14
WI00000513,W000001858,14684,2021-03-27
WI00000514,W000000915,11780,2021-05-22
WI00000515,W000000509,27669,2021-03-22
WI00000516,W000000477,1086,2019-03-29
WI00000517,W000000942,43376,2021-06-22
WI00000518,W000000344,23474,2021-05-05
WI00000519,W000000912,21797,2019-11-15
WI00000520,W000001975,48365,2020-08-27
WI00000521,W000000674,39427,2019-08-26
WI00000522,W000000732,29860,2022-01-27
WI00000523,W000001365,46427,2019-04-09
WI00000524,W000001962,41740,2020-07-22
WI00000525,W000001504,32200,2019-06-15
WI00000526,W000000670,18748,2019-10-31
WI00000527,W000000949,15026,2019-12-05
WI00000528,W000001045,34950,2019-02-15
WI00000529,W000001625,33275,2020-11-10
WI00000530,W000000216,3419,2019-05-07
WI00000531,W000000565,19853,2020-12-21
WI00000532,W000000635,442,2020-05-08
WI00000533,W000001997,21500,2020-03-29
WI00000534,W000001318,22375,2019-12-12
WI00000535,W000001284,49144,2021-06-13
WI00000536,W000000441,20421,2019-10-21
WI00000537,W000000612,39640,2019-09-12
WI00000538,W000000377,40364,2019-10-07
WI00000539,W000000827,22414,2019-10-16
WI00000540,W000001173,4234,2020-08-14
WI00000541,W000001827,49033,2019-07-09
WI00000542,W000001685,22241,2021-11-05
WI00000543,W000000280,26667,2020-10-08
WI00000544,W000000434,44902,2020-04-18
WI00000545,W000000990,23185,2020-05-02
WI00000546,W000001221,43599,2022-01-16
WI00000547,W000000223,41955,2021-07-03
WI00000548,W000001610,41566,2019-12-08
WI00000549,W000001941,27305,2021-11-02
WI00000550,W000001972,3373,2021-04-11
WI00000551,W000001782,28293,2020-05-11
WI00000552,W000000243,47052,2019-01-30
WI00000553,W000001874,45000,2019-09-29
WI00000554,W000000916,47227,2020-08-02
WI00000555,W000000031,14842,2019-10-08
WI00000556,W000000779,47338,2019-11-28
WI00000557,W000000047,7057,2021-12-26
WI00000558,W000001232,41009,2019-09-03
WI00000559,W000000616,28811,2021-07-31
WI00000560,W000000366,6596,2021-03-18
WI00000561,W000000028,8609,2022-02-06
WI00000562,W000000394,38289,2021-11-05
WI00000563,W000000681,49026,2021-05-28
WI00000564,W000000816,29415,2021-10-16
WI00000565,W000001384,4593,2019-05-10
WI00000566,W000000276,29234,2021-09-10
WI00000567,W000001362,20749,2021-07-26
WI00000568,W000000931,32665,2019-01-02
WI00000569,W000000046,49329,2021-08-04
WI00000570,W000000077,32739,2019-02-10
WI00000571,W000000799,1464,2020-12-05
WI00000572,W000001680,49276,2020-05-31
WI00000573,W000001614,40050,2020-11-26
WI00000574,W000000277,14895,2019-09-23
WI00000575,W000001670,40134,2020-09-10
WI00000576,W000000381,18265,2022-01-15
WI00000577,W000000166,35329,2020-07-04
WI00000578,W000001170,14769,2020-01-26
WI00000579,W000001876,29255,2020-03-10
WI00000580,W000000735,31164,2020-04-14
WI00000581,W000001791,4691,2021-06-19
WI00000582,W000001032,12341,2020-12-28
WI00000583,W000001639,39987,2021-07-13
WI00000584,W000001143,17858,2021-02-08
WI00000585,W000001775,20195,2021-12-25
WI00000586,W000001127,38023,2020-12-11
WI00000587,W000000532,39384,2020-11-21
WI00000588,W000000990,38142,2020-03-17
WI00000589,W000000589,13080,2021-10-02
WI00000590,W000000314,37132,2021-05-31
WI00000591,W000001221,2695,2022-02-18
WI00000592,W000001681,43926,2021-02-04
WI00000593,W000001079,23199,2020-05-07
WI00000594,W000000082,40760,2020-11-22
WI00000595,W000001785,25130,2020-04-18
WI00000596,W000000337,3024,2022-02-18
WI00000597,W000000674,6009,2021-09-02
WI00000598,W000001032,5120,2019-05-23
WI00000599,W000001775,31218,2021-10-22
WI00000600,W000001621,15455,2021-04-10
WI00000601,W000000314,46627,2020-08-17
WI00000602,W000000576,42963,2020-05-22
WI00000603,W000000477,824,2019-01-01
WI00000604,W000001670,17990,2021-01-01
WI00000605,W000000732,15790,2021-12-10
WI00000606,W000000357,42969,2020-01-14
WI00000607,W000000107,35313,2021-12-24
WI00000608,W000000271,23817,2021-11-27
WI00000609,W000000160,4558,2020-11-16
WI00000610,W000000465,42854,2020-03-11
WI00000611,W000000897,45481,2019-05-09
WI00000612,W000000920,32760,2020-05-03
WI00000613,W000001185,13449,2019-07-26
WI00000614,W000001230,13866,2022-01-23
WI00000615,W000000265,31730,2020-11-11
WI00000616,W000000622,35477,2020-09-11
WI00000617,W000000467,17619,2021-01-22
WI00000618,W000001689,12206,2019-05-06
WI00000619,W000000449,4049,2021-12-31
WI00000620,W000001204,26289,2019-06-15
WI00000621,W000000805,12392,2019-04-12
WI00000622,W000001342,33303,2020-03-20
WI00000623,W000000314,29598,2021-06-28
WI00000624,W000000347,7051,2019-11-27
WI00000625,W000001405,27954,2021-08-28
WI00000626,W000000011,11434,2019-10-27
WI00000627,W000000460,6239,2022-03-09
WI00000628,W000001601,47129,2021-03-10
WI00000629,W000000092,32999,2021-01-29
WI00000630,W000001487,16704,2020-03-28
WI00000631,W000000031,17354,2021-11-06
WI00000632,W000000422,41908,2020-10-11
WI00000633,W000001240,20155,2019-09-08
WI00000634,W000001796,29117,2020-06-30
WI00000635,W000001966,28303,2019-10-16
WI00000636,W000000583,30947,2020-10-30
WI00000637,W000001487,10305,2019-02-23
WI00000638,W000001390,13700,2020-01-29
WI00000639,W000001063,41878,2019-01-20
WI00000640,W000001645,17107,2019-01-07
WI00000641,W000000623,836,2021-04-08
WI00000642,W000000588,25613,2019-10-31
WI00000643,W000000065,37024,2019-06-23
WI00000644,W000001570,5214,2020-03-08
WI00000645,W000000002,24645,2019-12-15
WI00000646,W000000491,17711,2021-06-15
WI00000647,W000000357,27885,2020-01-10
WI00000648,W000001250,11772,2020-04-28
WI00000649,W000000459,23832,2021-02-23
WI00000650,W000000882,2376,2020-02-25
WI00000651,W000000817,11179,2021-03-24
WI00000652,W000001975,38490,2019-05-26
WI00000653,W000000509,36951,2021-05-18
WI00000654,W000000257,36255,2019-01-16
WI00000655,W000000190,30142,2021-05-12
WI00000656,W000001231,7990,2020-02-13
WI00000657,W000000082,29847,2020-08-22
WI00000658,W000001228,12490,2019-10-19
WI00000659,W000000344,36773,2019-01-26
WI00000660,W000001791,40020,2020-03-28
WI00000661,W000000100,17674,2019-11-02
WI00000662,W000001143,37634,2021-09-30
WI00000663,W000001982,7290,2020-07-09
WI00000664,W000000989,2153,2019-11-20
WI00000665,W000001874,48424,2019-11-10
WI00000666,W000000654,4554,2020-08-30
WI00000667,W000000020,43448,2021-09-22
WI00000668,W000001368,21005,2021-04-10
WI00000669,W000000920,25224,2021-07-10
WI00000670,W000000806,27541,2021-11-15
WI00000671,W000000482,13058,2019-07-16
WI00000672,W000001293,27285,2020-12-01
WI00000673,W000001226,36771,2019-08-05
WI00000674,W000001641,31406,2021-07-30
WI00000675,W000000585,6939,2019-09-22
WI00000676,W000001283,47011,2021-11-11
WI00000677,W000001231,14000,2019-01-01
WI00000678,W000001554,36880,2019-06-01
WI00000679,W000000955,18788,2020-03-13
WI00000680,W000001098,3867,2020-08-07
WI00000681,W000001948,14034,2020-09-24
WI00000682,W000001124,14610,2021-03-20
WI00000683,W000001772,20868,2021-03-15
WI00000684,W000001055,41127,2021-10-15
WI00000685,W000000612,21131,2021-07-28
WI00000686,W000000322,49775,2020-12-17
WI00000687,W000001204,33353,2019-01-16
WI00000688,W000000563,41016,2022-01-06
WI00000689,W000001100,17140,2019-05-07
WI00000690,W000001124,8042,2021-07-02
WI00000691,W000001144,40184,2021-08-03
WI00000692,W000000772,27560,2021-03-24
WI00000693,W000000032,12843,2019-10-04
WI00000694,W000001321,11702,2019-03-01
WI00000695,W000001554,15462,2020-10-13
WI00000696,W000001797,25137,2020-04-10
WI00000697,W000001626,16822,2022-01-07
WI00000698,W000000106,9101,2020-02-10
WI00000699,W000000467,28703,2021-06-17
WI00000700,W000001559,12217,2021-09-13
WI00000701,W000000872,8366,2019-03-15
WI00000702,W000000406,49608,2019-01-28
WI00000703,W000000249,21130,2020-09-03
WI00000704,W000000123,25949,2020-12-04
WI00000705,W000000424,32799,2019-02-06
WI00000706,W000001939,43169,2020-03-21
WI00000707,W000000701,26585,2022-01-11
WI00000708,W000001174,24063,2021-08-09
WI00000709,W000001858,17362,2022-03-04
WI00000710,W000001820,13737,2021-09-23
WI00000711,W000000363,23861,2020-04-17
WI00000712,W000000990,35829,2019-03-22
WI00000713,W000000107,13241,2022-01-20
WI00000714,W000001727,4792,2020-10-14
WI00000715,W000001860,19772,2021-07-08
WI00000716,W000001625,45526,2022-01-27
WI00000717,W000001878,40118,2019-05-01
WI00000718,W000000904,44617,2019-12-11
WI00000719,W000000769,44352,2019-11-08
WI00000720,W000000691,28348,2021-05-27
WI00000721,W000000344,38351,2021-08-14
WI00000722,W000000623,15426,2019-05-31
WI00000723,W000000914,40708,2020-02-12
WI00000724,W000001546,29337,2021-10-01
WI00000725,W000000588,17045,2021-07-06
WI00000726,W000000498,22597,2020-02-09
WI00000727,W000001621,16814,2020-03-09
WI00000728,W000001165,25473,2021-07-21
WI00000729,W000001477,42653,2019-10-11
WI00000730,W000000004,46298,2020-11-14
WI00000731,W000000639,40495,2019-04-11
WI00000732,W000001514,27358,2021-05-01
WI00000733,W000000035,11781,2019-06-23
WI00000734,W000001268,33320,2021-06-16
WI00000735,W000000642,5368,2019-02-15
WI00000736,W000000559,22511,2021-05-20
WI00000737,W000001421,9260,2019-02-06
WI00000738,W000001476,8080,2019-10-07
WI00000739,W000001281,14299,2020-02-06
WI00000740,W000000160,15604,2021-10-18
WI00000741,W000000992,5308,2021-06-28
WI00000742,W000000593,7709,2021-09-20
WI00000743,W000000176,37840,2020-03-04
WI00000744,W000000125,49640,2020-05-09
WI00000745,W000000914,13224,2022-01-11
WI00000746,W000000550,30399,2021-02-10
WI00000747,W000000006,41228,2021-08-04
WI00000748,W000001628,14137,2021-01-10
WI00000749,W000001169,24505,2020-06-21
WI00000750,W000000109,33562,2019-09-11
WI00000751,W000001441,3222,2020-03-09
WI00000752,W000001658,17113,2020-04-18
WI00000753,W000000810,29309,2020-07-26
WI00000754,W000001626,13287,2019-12-24
WI00000755,W000000943,37912,2020-02-02
WI00000756,W000001710,33569,2020-03-19
WI00000757,W000001171,7800,2019-12-27
WI00000758,W000000859,46466,2020-12-25
WI00000759,W000001407,23820,2022-01-03
WI00000760,W000001985,42092,2019-05-21
WI00000761,W000000451,5009,2019-08-16
WI00000762,W000001601,1198,2020-07-19
WI00000763,W000000027,97,2021-04-01
WI00000764,W000001126,31408,2021-02-04
WI00000765,W000000402,42079,2021-06-13
WI00000766,W000000463,3178,2020-03-08
WI00000767,W000001375,29351,2019-10-06
WI00000768,W000001987,28244,2019-12-23
WI00000769,W000001752,45967,2019-05-20
WI00000770,W000001813,39186,2020-07-20
WI00000771,W000001421,15976,2021-03-14
WI00000772,W000001323,18946,2022-03-09
WI00000773,W000000439,40370,2020-06-26
WI00000774,W000001101,47601,2020-08-06
WI00000775,W000000593,13687,2020-08-06
WI00000776,W000001670,42319,2020-09-16
WI00000777,W000000956,3649,2019-10-21
WI00000778,W000001476,13906,2019-03-14
WI00000779,W000000213,44481,2020-09-30
WI00000780,W000000984,40576,2020-09-05
WI00000781,W000000438,29642,2021-11-25
WI00000782,W000001752,32712,2019-10-04
WI00000783,W000000779,28197,2020-04-01
WI00000784,W000000585,45779,2019-10-23
WI00000785,W000001562,26454,2020-03-03
WI00000786,W000000683,9276,2019-03-21
WI00000787,W000000976,23835,2020-07-26
WI00000788,W000001917,11440,2020-05-24
WI00000789,W000001055,26590,2021-01-13
WI00000790,W000001250,39538,2021-09-28
WI00000791,W000001974,1495,2019-08-14
WI00000792,W000001972,4154,2019-09-09
WI00000793,W000001236,27756,2021-04-10
WI00000794,W000001199,29202,2020-02-20
WI00000795,W000000750,48604,2020-04-18
WI00000796,W000000852,40325,2020-02-25
WI00000797,W000000180,12134,2019-11-13
WI00000798,W000001436,4231,2020-10-01
WI00000799,W000000577,39315,2019-11-21
WI00000800,W000001256,29221,2020-06-11
WI00000801,W000001722,24909,2021-12-22
WI00000802,W000000984,8785,2021-05-01
WI00000803,W000000663,24468,2019-07-11
WI00000804,W000001853,17076,2021-03-20
WI00000805,W000001798,23878,2019-07-14
WI00000806,W000001658,34970,2019-03-01
WI00000807,W000000136,19818,2019-05-05
WI00000808,W000001962,46641,2019-01-12
WI00000809,W000000293,38427,2020-03-01
WI00000810,W000001296,6693,2019-09-10
WI00000811,W000000136,24972,2021-07-22
WI00000812,W000000780,29105,2019-02-05
WI00000813,W000000779,9544,2020-04-02
WI00000814,W000000870,14838,2022-02-22
WI00000815,W000001959,2790,2020-11-05
WI00000816,W000000326,3522,2021-01-13
WI00000817,W000001739,26640,2021-02-12
WI00000818,W000001382,16016,2019-06-26
WI00000819,W000000351,7466,2021-12-10
WI00000820,W000001159,12356,2021-04-24
WI00000821,W000000249,20025,2019-07-13
WI00000822,W000000697,49051,2021-01-30
WI00000823,W000000803,1375,2020-04-26
WI00000824,W000001918,24365,2020-04-01
WI00000825,W000001100,24421,2020-09-25
WI00000826,W000000962,47258,2019-05-01
WI00000827,W000001451,14221,2021-09-24
WI00000828,W000001088,41486,2019-11-10
WI00000829,W000001908,6437,2021-03-22
WI00000830,W000001956,24359,2021-12-08
WI00000831,W000001993,7993,2020-08-19
WI00000832,W000001026,20427,2019-07-02
WI00000833,W000001749,42843,2020-04-16
WI00000834,W000000062,4005,2021-05-28
WI00000835,W000000756,38222,2022-03-01
WI00000836,W000001614,19073,2021-06-02
WI00000837,W000001847,36582,2021-02-11
WI00000838,W000000217,43647,2021-09-21
WI00000839,W000001452,48073,2020-05-30
WI00000840,W000000025,29847,2019-08-15
WI00000841,W000001539,40470,2021-01-12
WI00000842,W000001489,33016,2019-04-01
WI00000843,W000000616,32800,2019-09-23
WI00000844,W000000817,33109,2020-04-19
WI00000845,W000000616,2561,2019-05-23
WI00000846,W000001205,13285,2019-01-10
WI00000847,W000001816,2978,2022-01-17
WI00000848,W000001321,49509,2020-10-12
WI00000849,W000001827,34424,2019-08-14
WI00000850,W000000501,14408,2021-08-18
WI00000851,W000000006,536,2019-12-25
WI00000852,W000000622,23828,2021-11-09
WI00000853,W000001468,18012,2021-12-19
WI00000854,W000000028,14616,2019-08-06
WI00000855,W000001125,27853,2020-12-15
WI00000856,W000000576,49622,2019-09-15
WI00000857,W000000121,34811,2019-11-05
WI00000858,W000001076,23148,2020-02-27
WI00000859,W000000422,41977,2020-10-05
WI00000860,W000001116,21683,2020-08-24
WI00000861,W000001584,6529,2021-08-21
WI00000862,W000000607,18443,2020-06-16
WI00000863,W000000563,10128,2019-04-22
WI00000864,W000001523,33138,2020-06-03
WI00000865,W000000683,39124,2019-04-02
WI00000866,W000001348,17359,2021-04-24
WI00000867,W000001005,24677,2020-02-18
WI00000868,W000001567,8945,2020-12-06
WI00000869,W000001033,10489,2019-03-19
WI00000870,W000001655,17370,2020-06-16
WI00000871,W000001276,7818,2020-08-13
WI00000872,W000001414,20559,2022-01-12
WI00000873,W000000505,13713,2020-12-10
WI00000874,W000001803,20680,2020-08-06
WI00000875,W000001065,19457,2019-11-13
WI00000876,W000001132,22318,2020-06-13
WI00000877,W000000031,43998,2019-05-16
WI00000878,W000001902,24957,2019-06-18
WI00000879,W000001911,17693,2020-08-09
WI00000880,W000001038,46483,2019-03-29
WI00000881,W000001428,35602,2020-12-14
WI00000882,W000001115,42479,2019-11-20
WI00000883,W000000588,15969,2019-03-20
WI00000884,W000000233,34930,2019-12-14
WI00000885,W000000439,26728,2019-04-05
WI00000886,W000000650,10981,2020-10-31
WI00000887,W000001858,22534,2020-07-21
WI00000888,W000001741,27847,2019-12-17
WI00000889,W000001428,19345,2020-08-31
WI00000890,W000000670,43599,2020-02-27
WI00000891,W000000982,24153,2019-01-27
WI00000892,W000001332,20245,2019-11-26
WI00000893,W000001623,26326,2020-10-01
WI00000894,W000000027,510,2020-09-29
WI00000895,W000000287,4703,2019-07-29
WI00000896,W000001874,27945,2020-01-05
WI00000897,W000001359,7356,2021-11-06
WI00000898,W000001375,31591,2019-10-15
WI00000899,W000000601,27453,2020-10-27
WI00000900,W000001045,2938,2020-08-25
WI00000901,W000000419,48482,2020-07-14
WI00000902,W000000962,36911,2019-10-08
WI00000903,W000001377,22367,2022-01-17
WI00000904,W000000865,36989,2021-12-03
WI00000905,W000000545,6026,2021-01-21
WI00000906,W000001942,44725,2021-06-27
WI00000907,W000001867,38165,2021-03-31
WI00000908,W000001240,29718,2020-03-02
WI00000909,W000000756,39689,2019-02-11
WI00000910,W000000308,31734,2019-05-17
WI00000911,W000000564,17370,2019-04-06
WI00000912,W000001066,4071,2021-07-02
WI00000913,W000000205,4890,2021-03-13
WI00000914,W000001542,27552,2020-04-28
WI00000915,W000000740,12538,2020-09-14
WI00000916,W000001753,26128,2021-08-06
WI00000917,W000001001,38443,2021-03-29
WI00000918,W000000623,48750,2019-08-06
WI00000919,W000001318,36244,2019-09-28
WI00000920,W000000169,49419,2019-05-09
WI00000921,W000001174,29268,2022-02-13
WI00000922,W000000217,38009,2020-04-07
WI00000923,W000000237,38396,2021-09-09
WI00000924,W000001348,28698,2019-08-06
WI00000925,W000001414,31481,2021-12-23
WI00000926,W000001670,16256,2019-12-23
WI00000927,W000000116,39758,2020-07-11
WI00000928,W000000719,20925,2020-11-05
WI00000929,W000000426,5672,2020-06-28
WI00000930,W000000934,8541,2020-01-17
WI00000931,W000000896,31720,2021-12-05
WI00000932,W000000906,9717,2021-02-09
WI00000933,W000001081,4192,2021-07-19
WI00000934,W000001598,38667,2020-07-08
WI00000935,W000000978,29155,2020-04-10
WI00000936,W000000080,44725,2019-02-21
WI00000937,W000001229,28313,2019-08-15
WI00000938,W000000331,16145,2019-08-30
WI00000939,W000001984,28641,2020-09-07
WI00000940,W000001944,22299,2020-02-09
WI00000941,W000001494,16982,2019-02-16
WI00000942,W000000584,21298,2021-12-17
WI00000943,W000001517,42364,2020-12-01
WI00000944,W000000176,7435,2020-06-21
WI00000945,W000001477,5981,2021-04-10
WI00000946,W000000121,8801,2021-09-21
WI00000947,W000000880,48016,2019-07-10
WI00000948,W000000253,24726,2022-01-17
WI00000949,W000001120,45853,2020-06-24
WI00000950,W000001610,16121,2019-11-11
WI00000951,W000001076,23853,2019-06-12
WI00000952,W000000536,24335,2019-09-01
WI00000953,W000000986,43908,2019-02-06
WI00000954,W000000033,28495,2019-01-20
WI00000955,W000001551,21039,2020-04-17
WI00000956,W000001639,41026,2020-01-27
WI00000957,W000000809,19278,2020-07-24
WI00000958,W000001913,29447,2020-10-17
WI00000959,W000001101,32473,2019-02-26
WI00000960,W000000157,25207,2019-04-21
WI00000961,W000000580,43325,2019-10-02
WI00000962,W000000254,23921,2021-06-02
WI00000963,W000001382,42374,2019-09-07
WI00000964,W000001646,45336,2021-02-16
WI00000965,W000001878,7703,2020-07-24
WI00000966,W000001349,38262,2019-08-18
WI00000967,W000000789,11426,2021-10-04
WI00000968,W000001623,4842,2019-02-02
WI00000969,W000001454,18643,2019-10-11
WI00000970,W000001476,31476,2021-08-03
WI00000971,W000000590,26157,2020-11-24
WI00000972,W000001382,33643,2019-12-20
WI00000973,W000001489,1376,2021-09-05
WI00000974,W000000463,17199,2021-10-27
WI00000975,W000001764,3020,2020-02-24
WI00000976,W000001871,2427,2019-11-17
WI00000977,W000000888,14525,2020-01-25
WI00000978,W000000888,6735,2020-08-15
WI00000979,W000001988,3587,2021-09-17
WI00000980,W000001201,38386,2021-09-22
WI00000981,W000000832,31848,2021-02-17
WI00000982,W000000384,22012,2019-11-02
WI00000983,W000000359,11544,2021-12-09
WI00000984,W000001030,45266,2020-01-21
WI00000985,W000001873,32090,2021-07-03
WI00000986,W000000989,18850,2020-12-20
WI00000987,W000001755,43320,2021-05-26
WI00000988,W000000642,49663,2020-08-19
WI00000989,W000000810,37088,2021-10-26
WI00000990,W000001504,32773,2019-12-24
WI00000991,W000000159,15823,2019-10-06
WI00000992,W000001900,43125,2021-06-28
WI00000993,W000001393,15324,2019-04-11
WI00000994,W000001378,42195,2021-11-22
WI00000995,W000000446,6170,2021-04-15
WI00000996,W000000454,46767,2020-05-17
WI00000997,W000000469,29846,2021-10-22
WI00000998,W000000790,12471,2021-05-05
WI00000999,W000000816,30737,2019-04-17
WI00001000,W000001278,40714,2019-08-31
WI00001001,W000001759,49655,2020-09-10
WI00001002,W000000564,11382,2019-06-15
WI00001003,W000000866,120,2020-12-08
WI00001004,W000000129,3402,2020-10-29
WI00001005,W000000781,47817,2020-11-16
WI00001006,W000000124,41972,2020-01-07
WI00001007,W000000814,11243,2020-04-20
WI00001008,W000001847,30599,2021-08-11
WI00001009,W000001199,3072,2019-09-19
WI00001010,W000001409,15209,2019-03-14
WI00001011,W000001091,36979,2021-04-29
WI00001012,W000000076,4701,2019-08-26
WI00001013,W000000653,2824,2021-11-18
WI00001014,W000000616,41023,2019-05-24
WI00001015,W000000969,34948,2022-01-07
WI00001016,W000000149,26123,2020-05-28
WI00001017,W000000107,19525,2021-10-12
WI00001018,W000001562,24176,2021-05-14
WI00001019,W000000449,23124,2020-05-25
WI00001020,W000000888,19844,2021-04-27
WI00001021,W000000730,29208,2019-05-31
WI00001022,W000001681,6400,2021-10-04
WI00001023,W000000262,12987,2020-04-24
WI00001024,W000001513,42765,2020-01-14
WI00001025,W000001104,1761,2020-01-21
WI00001026,W000001276,43127,2021-11-14
WI00001027,W000001764,3362,2022-01-06
WI00001028,W000000842,24060,2020-03-15
WI00001029,W000001727,36789,2020-08-29
WI00001030,W000001436,28611,2020-04-10
WI00001031,W000001753,21457,2020-01-01
WI00001032,W000001270,48574,2019-10-26
WI00001033,W000000536,37550,2021-05-19
WI00001034,W000001544,36865,2021-04-18
WI00001035,W000001236,6559,2020-03-31
WI00001036,W000001957,9470,2020-11-07
WI00001037,W000001026,15024,2021-01-17
WI00001038,W000000842,33890,2019-01-16
WI00001039,W000000437,33751,2019-11-15
WI00001040,W000001123,9832,2021-05-07
WI00001041,W000001311,26034,2020-08-13
WI00001042,W000001139,9901,2020-05-10
WI00001043,W000000367,20305,2019-05-29
WI00001044,W000000916,1736,2020-11-22
WI00001045,W000001537,46391,2019-10-07
WI00001046,W000001029,32661,2019-01-14
WI00001047,W000000669,39130,2019-08-06
WI00001048,W000001710,48978,2019-02-28
WI00001049,W000000684,24169,2020-03-04
WI00001050,W000000326,27330,2020-07-17
WI00001051,W000000895,4958,2019-01-17
WI00001052,W000000101,7091,2019-07-08
WI00001053,W000000936,19249,2019-03-16
WI00001054,W000000285,32420,2021-04-11
WI00001055,W000001861,29214,2019-02-23
WI00001056,W000001737,16517,2019-08-09
WI00001057,W000001191,34963,2019-07-28
WI00001058,W000000506,45693,2021-10-14
WI00001059,W000000768,15921,2019-06-01
WI00001060,W000000579,16862,2020-12-24
WI00001061,W000000166,30452,2021-04-17
WI00001062,W000001093,13272,2020-09-20
WI00001063,W000000865,43607,2020-07-22
WI00001064,W000000893,45534,2021-05-01
WI00001065,W000001988,1103,2020-10-11
WI00001066,W000001798,39555,2021-07-25
WI00001067,W000001454,23936,2019-12-17
WI00001068,W000001570,47421,2020-07-14
WI00001069,W000001076,40104,2021-04-13
WI00001070,W000000521,32245,2020-02-17
WI00001071,W000000912,18707,2019-01-06
WI00001072,W000000836,15807,2021-04-04
WI00001073,W000000639,17400,2019-05-11
WI00001074,W000001332,2008,2020-12-03
WI00001075,W000000351,3081,2021-01-19
WI00001076,W000000817,12092,2021-01-31
WI00001077,W000000493,20056,2019-08-16
WI00001078,W000000363,34095,2021-03-15
WI00001079,W000001984,41696,2019-06-14
WI00001080,W000000895,41548,2019-05-08
WI00001081,W000000960,18140,2019-07-02
WI00001082,W000001997,36449,2020-04-26
WI00001083,W000000635,47285,2021-09-11
WI00001084,W000001365,34079,2019-08-14
WI00001085,W000001840,3157,2021-09-17
WI00001086,W000001959,19005,2021-01-05
WI00001087,W000000256,22936,2021-06-02
WI00001088,W000000033,30140,2022-03-08
WI00001089,W000000532,22092,2021-06-27
WI00001090,W000001099,2830,2021-04-06
WI00001091,W000000532,40363,2019-02-03
WI00001092,W000001972,25753,2021-12-18
WI00001093,W000000806,23199,2021-11-21
WI00001094,W000001770,3035,2020-05-05
WI00001095,W000001356,216,2021-11-30
WI00001096,W000000243,43904,2020-12-24
WI00001097,W000000063,5852,2020-06-30
WI00001098,W000001097,37412,2019-12-11
WI00001099,W000001948,3015,2019-10-09
WI00001100,W000001210,1353,2021-07-04
WI00001101,W000000386,35950,2019-11-28
WI00001102,W000000803,2748,2021-02-10
WI00001103,W000001264,20699,2019-04-23
WI00001104,W000001559,40786,2019-12-25
WI00001105,W000001939,44475,2019-09-27
WI00001106,W000001091,21106,2019-09-05
WI00001107,W000001553,24866,2020-07-09
WI00001108,W000001917,88,2021-08-14
WI00001109,W000000500,38209,2020-09-07
WI00001110,W000001523,29946,2022-03-03
WI00001111,W000000451,5661,2021-07-23
WI00001112,W000001508,45151,2019-01-12
WI00001113,W000001051,29846,2019-10-18
WI00001114,W000001900,36218,2021-01-14
WI00001115,W000000809,21804,2020-03-22
WI00001116,W000000077,23050,2020-08-27
WI00001117,W000001903,6879,2021-02-26
WI00001118,W000000842,27883,2022-01-26
WI00001119,W000000249,37711,2019-08-18
WI00001120,W000000870,44528,2021-10-30
WI00001121,W000001532,7697,2019-12-14
WI00001122,W000000278,11173,2021-09-07
WI00001123,W000000272,48917,2019-01-05
WI00001124,W000001651,16041,2021-03-05
WI00001125,W000001554,45457,2021-08-19
WI00001126,W000001201,23528,2020-03-05
WI00001127,W000000777,46908,2019-04-05
WI00001128,W000001507,47,2020-08-11
WI00001129,W000000636,12721,2019-02-13
WI00001130,W000001500,12403,2020-07-22
WI00001131,W000000997,42444,2021-04-29
WI00001132,W000000334,31071,2022-01-02
WI00001133,W000000762,5157,2019-04-05
WI00001134,W000001047,45418,2019-09-05
WI00001135,W000001540,40136,2020-10-10
WI00001136,W000000129,49839,2020-01-02
WI00001137,W000001975,12064,2021-04-29
WI00001138,W000001242,6412,2020-09-23
WI00001139,W000000870,19914,2021-07-09
WI00001140,W000001172,16624,2019-12-20
WI00001141,W000000708,46086,2021-06-05
WI00001142,W000000670,5153,2021-05-28
WI00001143,W000000692,21691,2019-08-12
WI00001144,W000001554,466,2019-10-11
WI00001145,W000000039,22927,2020-07-18
WI00001146,W000001520,38050,2020-03-16
WI00001147,W000001390,28372,2020-06-19
WI00001148,W000000280,48661,2021-10-24
WI00001149,W000001736,12811,2020-02-27
WI00001150,W000001006,40939,2021-04-09
WI00001151,W000000914,6745,2020-02-24
WI00001152,W000001397,36629,2020-11-24
WI00001153,W000000131,9042,2020-04-14
WI00001154,W000000580,33695,2019-07-03
WI00001155,W000001736,27759,2021-05-12
WI00001156,W000001230,34750,2021-01-29
WI00001157,W000001397,12243,2019-05-04
WI00001158,W000001520,16116,2020-03-30
WI00001159,W000000593,29219,2021-08-20
WI00001160,W000001623,44124,2022-01-16
WI00001161,W000000295,48436,2020-01-18
WI00001162,W000001037,46204,2019-03-06
WI00001163,W000000006,4231,2021-06-12
WI00001164,W000000425,37859,2020-02-16
WI00001165,W000001520,28965,2020-01-28
WI00001166,W000001168,14227,2021-06-05
WI00001167,W000000790,32447,2019-08-30
WI00001168,W000000230,20192,2019-06-01
WI00001169,W000001169,31572,2019-03-16
WI00001170,W000000237,22645,2020-06-19
WI00001171,W000000818,39141,2020-08-08
WI00001172,W000001962,9406,2021-02-18
WI00001173,W000001174,22145,2021-04-18
WI00001174,W000000693,11183,2020-12-27
WI00001175,W000001318,43033,2022-01-24
WI00001176,W000001656,44399,2020-04-07
WI00001177,W000000103,37181,2020-10-14
WI00001178,W000000428,11089,2021-06-10
WI00001179,W000000346,10022,2020-05-05
WI00001180,W000000722,23967,2021-08-18
WI00001181,W000001451,11970,2021-04-04
WI00001182,W000000518,47159,2020-05-20
WI00001183,W000000463,36426,2021-03-24
WI00001184,W000001477,41303,2020-07-30
WI00001185,W000001073,12207,2021-04-07
WI00001186,W000001172,859,2020-12-02
WI00001187,W000000537,44820,2020-02-16
WI00001188,W000001842,15841,2019-04-30
WI00001189,W000000641,25111,2019-11-02
WI00001190,W000001798,5953,2020-07-03
WI00001191,W000001812,6757,2020-05-25
WI00001192,W000000424,7527,2020-01-07
WI00001193,W000000988,36652,2021-06-11
WI00001194,W000001775,48855,2019-01-24
WI00001195,W000000681,18494,2021-10-31
WI00001196,W000000963,43859,2019-07-21
WI00001197,W000001862,45630,2022-01-05
WI00001198,W000000493,33305,2021-03-02
WI00001199,W000001104,9559,2020-07-05
WI00001200,W000000678,42218,2020-11-25
WI00001201,W000001626,26879,2020-08-19
WI00001202,W000001428,45592,2020-05-12
WI00001203,W000000681,5782,2021-04-18
WI00001204,W000000882,7707,2020-09-23
WI00001205,W000001680,11772,2020-06-02
WI00001206,W000000943,40088,2021-05-27
WI00001207,W000001774,36738,2020-09-14
WI00001208,W000001820,1386,2020-02-27
WI00001209,W000000337,6559,2019-05-31
WI00001210,W000001532,33018,2021-09-14
WI00001211,W000001775,4491,2020-04-23
WI00001212,W000001085,30881,2021-07-07
WI00001213,W000000225,32774,2021-06-23
WI00001214,W000001646,3042,2020-01-31
WI00001215,W000000422,20556,2021-12-28
WI00001216,W000000497,28827,2020-12-09
WI00001217,W000000827,14712,2019-07-24
WI00001218,W000000178,38430,2022-01-14
WI00001219,W000000363,39515,2021-01-31
WI00001220,W000000262,44114,2021-11-08
WI00001221,W000001878,49011,2020-10-31
WI00001222,W000000815,11464,2021-07-31
WI00001223,W000001727,14223,2020-03-28
WI00001224,W000000920,33773,2019-07-05
WI00001225,W000001860,28505,2019-02-21
WI00001226,W000000870,44678,2019-05-31
WI00001227,W000001919,30274,2019-08-14
WI00001228,W000000312,37426,2021-10-02
WI00001229,W000000265,12285,2022-02-12
WI00001230,W000000846,23282,2019-07-17
WI00001231,W000000025,6431,2019-07-16
WI00001232,W000001756,38914,2019-07-02
WI00001233,W000000337,21498,2022-02-04
WI00001234,W000001614,20284,2019-06-24
WI00001235,W000000250,16123,2021-09-06
WI00001236,W000000641,20816,2021-08-17
WI00001237,W000000509,18677,2021-09-04
WI00001238,W000001564,8752,2021-05-21
WI00001239,W000001035,23514,2019-12-08
WI00001240,W000001104,17161,2022-01-07
WI00001241,W000001943,39634,2020-11-13
WI00001242,W000000819,43624,2019-11-11
WI00001243,W000001143,33655,2020-03-01
WI00001244,W000000944,9715,2019-12-24
WI00001245,W000001348,31528,2021-04-20
WI00001246,W000001775,20775,2021-12-17
WI00001247,W000000290,44270,2019-04-14
WI00001248,W000000997,34156,2021-11-13
WI00001249,W000000273,41271,2022-02-13
WI00001250,W000000275,33686,2019-12-06
WI00001251,W000001158,29153,2019-01-04
WI00001252,W000000371,46825,2021-06-24
WI00001253,W000001593,28945,2020-12-27
WI00001254,W000000874,27828,2019-07-08
WI00001255,W000001753,34270,2020-01-09
WI00001256,W000000449,42949,2019-03-05
WI00001257,W000000942,24553,2019-10-14
WI00001258,W000000607,27060,2020-06-25
WI00001259,W000000449,30366,2019-09-15
WI00001260,W000000130,14582,2021-10-27
WI00001261,W000000962,1232,2019-11-23
WI00001262,W000001045,38161,2019-04-21
WI00001263,W000001297,27190,2020-05-23
WI00001264,W000001658,42496,2020-08-20
WI00001265,W000001251,10476,2020-04-29
WI00001266,W000001385,17681,2020-12-14
WI00001267,W000001549,4182,2019-02-13
WI00001268,W000001241,28280,2021-09-14
WI00001269,W000000077,47113,2019-03-06
WI00001270,W000001495,13229,2020-07-22
WI00001271,W000000162,31741,2021-01-05
WI00001272,W000000324,10871,2019-09-17
WI00001273,W000000426,26305,2021-12-12
WI00001274,W000001685,40804,2020-08-11
WI00001275,W000000638,32675,2020-04-10
WI00001276,W000000442,4639,2019-08-21
WI00001277,W000000006,12911,2020-05-08
WI00001278,W000000103,43377,2019-05-31
WI00001279,W000000788,42893,2019-07-02
WI00001280,W000001259,1355,2021-12-04
WI00001281,W000001936,41668,2019-07-22
WI00001282,W000000252,37043,2020-07-30
WI00001283,W000001907,48307,2022-03-11
WI00001284,W000001679,18818,2021-11-19
WI00001285,W000000479,22099,2020-01-19
WI00001286,W000001370,11105,2021-10-31
WI00001287,W000000478,40277,2021-09-02
WI00001288,W000001026,14414,2021-12-23
WI00001289,W000001436,38857,2019-06-19
WI00001290,W000000376,24875,2020-10-06
WI00001291,W000001055,26993,2019-06-17
WI00001292,W000001407,35522,2020-03-16
WI00001293,W000000252,33401,2019-11-26
WI00001294,W000001269,3632,2019-08-22
WI00001295,W000000417,37376,2019-08-08
WI00001296,W000000996,27749,2021-09-09
WI00001297,W000000643,48343,2021-10-03
WI00001298,W000001714,29059,2019-07-30
WI00001299,W000000465,2677,2019-11-28
WI00001300,W000001382,8547,2019-07-05
WI00001301,W000000224,17855,2019-06-13
WI00001302,W000001717,23355,2020-03-09
WI00001303,W000000887,24449,2021-03-23
WI00001304,W000000024,11621,2019-02-02
WI00001305,W000000763,38359,2021-11-09
WI00001306,W000000332,38774,2019-03-22
WI00001307,W000001746,7995,2020-12-28
WI00001308,W000000378,41156,2019-04-05
WI00001309,W000001133,17107,2021-07-15
WI00001310,W000000670,31932,2020-11-20
WI00001311,W000001278,31058,2019-04-07
WI00001312,W000001033,7409,2021-08-06
WI00001313,W000000833,19570,2019-10-08
WI00001314,W000000222,36716,2019-04-12
WI00001315,W000001415,47654,2022-01-17
WI00001316,W000000271,19493,2019-03-07
WI00001317,W000000460,35803,2019-03-19
WI00001318,W000001244,11513,2019-02-08
WI00001319,W000001446,5512,2020-02-20
WI00001320,W000001016,28059,2019-07-31
WI00001321,W000001966,1475,2020-03-01
WI00001322,W000001633,1758,2019-02-18
WI00001323,W000000065,13981,2019-06-30
WI00001324,W000001559,3467,2019-01-27
WI00001325,W000000283,34790,2019-06-03
WI00001326,W000001176,31010,2022-02-10
WI00001327,W000001438,46653,2020-11-11
WI00001328,W000000615,40342,2021-09-05
WI00001329,W000001749,42920,2020-07-14
WI00001330,W000000930,23548,2019-06-30
WI00001331,W000000641,41333,2021-06-11
WI00001332,W000000278,48202,2019-10-29
WI00001333,W000000444,40664,2020-07-11
WI00001334,W000001979,36139,2022-02-25
WI00001335,W000001051,8655,2019-03-18
WI00001336,W000000833,49605,2020-06-15
WI00001337,W000001529,41017,2021-08-31
WI00001338,W000000299,49101,2022-03-08
WI00001339,W000000046,42369,2019-09-10
WI00001340,W000001987,23605,2019-05-04
WI00001341,W000000814,39445,2021-09-13
WI00001342,W000000124,21263,2019-10-17
WI00001343,W000000653,20390,2020-10-23
WI00001344,W000001097,11173,2022-03-08
WI00001345,W000001730,34206,2022-02-05
WI00001346,W000000129,4394,2021-10-14
WI00001347,W000001961,48744,2019-09-25
WI00001348,W000001361,40246,2021-10-22
WI00001349,W000001182,13098,2020-07-05
WI00001350,W000000616,9161,2021-07-02
WI00001351,W000000910,22630,2020-09-14
WI00001352,W000000044,35250,2021-02-05
WI00001353,W000001984,25220,2021-04-25
WI00001354,W000001382,28232,2019-06-28
WI00001355,W000000942,33048,2019-11-12
WI00001356,W000001102,2687,2019-04-13
WI00001357,W000000988,11758,2021-06-24
WI00001358,W000001311,27010,2021-04-17
WI00001359,W000000344,27971,2020-12-12
WI00001360,W000000372,35326,2019-08-25
WI00001361,W000000027,28702,2020-03-02
WI00001362,W000001500,1036,2021-05-10
WI00001363,W000001904,40340,2019-08-03
WI00001364,W000001476,19342,2019-10-11
WI00001365,W000000059,37838,2022-02-12
WI00001366,W000001645,31822,2019-07-14
WI00001367,W000001251,27751,2019-06-01
WI00001368,W000000388,27266,2021-09-04
WI00001369,W000000687,8450,2021-04-06
WI00001370,W000000062,34222,2020-01-24
WI00001371,W000001943,31976,2020-11-07
WI00001372,W000001421,24841,2020-06-02
WI00001373,W000000150,47609,2020-02-23
WI00001374,W000001871,385,2019-12-27
WI00001375,W000001842,18471,2020-12-16
WI00001376,W000001708,30730,2020-02-08
WI00001377,W000000215,22084,2020-12-10
WI00001378,W000001376,40867,2020-08-02
WI00001379,W000000207,29117,2019-05-23
WI00001380,W000000200,5437,2020-04-24
WI00001381,W000001176,40619,2020-10-22
WI00001382,W000001003,26198,2021-08-29
WI00001383,W000001200,31353,2021-12-30
WI00001384,W000000719,26686,2020-03-02
WI00001385,W000000870,48321,2019-01-07
WI00001386,W000001878,5936,2022-02-11
WI00001387,W000001370,15725,2019-09-10
WI00001388,W000001236,49837,2021-05-23
WI00001389,W000000377,46318,2022-01-02
WI00001390,W000000439,30976,2020-05-19
WI00001391,W000001284,13424,2020-07-20
WI00001392,W000000668,5105,2019-04-30
WI00001393,W000001269,25514,2021-02-09
WI00001394,W000001959,27379,2020-07-16
WI00001395,W000001271,24884,2019-06-15
WI00001396,W000001165,45535,2019-01-21
WI00001397,W000001605,45405,2019-09-19
WI00001398,W000000038,11273,2021-08-05
WI00001399,W000000636,8940,2021-12-16
WI00001400,W000000456,48911,2021-09-22
WI00001401,W000000413,44406,2019-03-09
WI00001402,W000000333,29139,2021-08-31
WI00001403,W000000065,5447,2020-04-07
WI00001404,W000001386,10484,2020-05-16
WI00001405,W000001598,4070,2019-03-08
WI00001406,W000001740,14258,2021-11-14
WI00001407,W000001866,22907,2019-04-10
WI00001408,W000001204,46999,2019-07-10
WI00001409,W000000756,38237,2019-11-23
WI00001410,W000000377,32904,2019-08-17
WI00001411,W000000111,21834,2020-02-29
WI00001412,W000000107,49821,2019-01-26
WI00001413,W000000376,18675,2020-01-20
WI00001414,W000001232,39677,2022-01-31
WI00001415,W000001199,27333,2019-11-21
WI00001416,W000001451,33591,2019-12-30
WI00001417,W000000975,24337,2019-05-14
WI00001418,W000000931,166,2019-12-06
WI00001419,W000000593,3022,2019-10-20
WI00001420,W000001085,23136,2020-09-28
WI00001421,W000000726,40460,2021-04-14
WI00001422,W000001670,5632,2021-07-01
WI00001423,W000001620,18148,2019-09-12
WI00001424,W000000215,17354,2020-09-09
WI00001425,W000000521,42593,2021-03-06
WI00001426,W000000068,48604,2019-01-26
WI00001427,W000000243,26565,2021-07-05
WI00001428,W000001438,46910,2019-12-22
WI00001429,W000001982,15328,2019-10-16
WI00001430,W000001665,18043,2019-11-20
WI00001431,W000001598,18858,2021-10-14
WI00001432,W000001890,18249,2022-01-09
WI00001433,W000000819,44102,2020-03-27
WI00001434,W000000545,36226,2021-12-01
WI00001435,W000000311,24448,2020-10-23
WI00001436,W000001428,49999,2021-04-30
WI00001437,W000001487,17545,2022-01-13
WI00001438,W000000136,34472,2021-08-03
WI00001439,W000000074,27840,2022-03-05
WI00001440,W000001490,41862,2019-09-12
WI00001441,W000001529,15146,2021-11-15
WI00001442,W000001257,24322,2021-12-27
WI00001443,W000001250,39821,2021-09-13
WI00001444,W000001412,17176,2021-07-05
WI00001445,W000000994,5343,2019-02-04
WI00001446,W000000290,21067,2021-02-12
WI00001447,W000001944,30234,2020-11-03
WI00001448,W000001389,14420,2019-08-08
WI00001449,W000001606,21402,2020-03-18
WI00001450,W000001782,33406,2022-01-17
WI00001451,W000000546,10567,2020-09-16
WI00001452,W000000814,31487,2020-11-25
WI00001453,W000000130,9770,2020-04-04
WI00001454,W000001838,17654,2020-08-09
WI00001455,W000001791,31483,2021-07-11
WI00001456,W000000952,2344,2020-04-13
WI00001457,W000000563,7382,2020-09-14
WI00001458,W000000252,21357,2021-02-18
WI00001459,W000001072,12862,2020-06-23
WI00001460,W000000006,10721,2019-08-21
WI00001461,W000001586,37720,2022-02-17
WI00001462,W000000914,26009,2021-09-27
WI00001463,W000001232,37770,2021-05-08
WI00001464,W000000100,15409,2019-10-02
WI00001465,W000000582,33821,2021-09-29
WI00001466,W000001055,22078,2021-06-26
WI00001467,W000000394,38998,2021-07-30
WI00001468,W000001307,33287,2021-02-25
WI00001469,W000001756,25882,2020-11-19
WI00001470,W000001595,39265,2019-02-27
WI00001471,W000000216,9778,2021-03-13
WI00001472,W000001740,21596,2019-02-18
WI00001473,W000000223,44323,2019-04-15
WI00001474,W000000402,21649,2021-02-27
WI00001475,W000001873,36376,2021-07-06
WI00001476,W000000986,20216,2022-02-01
WI00001477,W000000006,25684,2019-11-07
WI00001478,W000000919,41555,2022-02-10
WI00001479,W000000198,45478,2020-06-03
WI00001480,W000000011,38478,2019-09-28
WI00001481,W000001799,20364,2021-02-27
WI00001482,W000000846,38898,2021-08-31
WI00001483,W000000275,23564,2019-03-13
WI00001484,W000001586,27732,2019-05-31
WI00001485,W000000973,24592,2019-09-21
WI00001486,W000001522,11820,2020-02-17
WI00001487,W000001957,36404,2021-04-03
WI00001488,W000001236,14889,2019-08-02
WI00001489,W000000083,35857,2020-11-27
WI00001490,W000001947,25496,2020-07-09
WI00001491,W000001807,35963,2021-02-16
WI00001492,W000000005,29873,2019-06-12
WI00001493,W000000128,49405,2019-03-31
WI00001494,W000000003,25015,2021-06-29
WI00001495,W000001144,25306,2021-11-04
WI00001496,W000001287,2617,2019-06-19
WI00001497,W000000545,43881,2019-10-11
WI00001498,W000001143,39481,2020-03-26
WI00001499,W000000810,19353,2019-02-14
WI00001500,W000000315,11700,2019-11-27
