Credit_Card_Num,Credit_Bank_Name,Credit_Card_type
1050-6965-9960-2377,GSB,American Express
1222-6596-4484-8444,KTB,Visa
4297-6622-1780-0706,TTB,American Express
1701-1657-8864-0073,BBL,UnionPay
2941-8639-3956-3012,GSB,American Express
8471-4064-6713-0814,SCB,UnionPay
8870-4078-1204-7855,KTB,MasterCard
0456-1001-9835-2888,KTB,American Express
2336-0472-6447-7797,TMB,American Express
5986-5756-7729-3579,SCB,Visa
4063-4302-2838-6305,KTB,MasterCard
5551-4953-7535-5430,KTB,Visa
9707-2198-7784-1034,SCB,JCB
3774-2335-8440-3679,SCB,American Express
7931-4856-2284-0732,TMB,American Express
2826-4893-6661-9143,SCB,Visa
0492-9316-5888-8225,KTB,UnionPay
1929-7083-3133-1612,BBL,MasterCard
0659-2458-0479-5167,TTB,JCB
6769-0453-1866-2867,SCB,JCB
2290-5403-0182-1090,KBANK,UnionPay
9048-2845-0623-4033,TTB,Visa
8921-7382-9423-4777,UOB,American Express
1807-8923-5506-1177,GSB,JCB
7025-2187-1770-3800,KBANK,Visa
9724-1309-3413-2149,SCB,Visa
7676-7541-5044-1382,TTB,UnionPay
5881-1049-2311-2912,GSB,UnionPay
6199-1185-4940-3066,UOB,American Express
6199-6816-1255-2231,SCB,American Express
7447-7677-3537-5066,UOB,American Express
1682-8250-0856-4796,SCB,Visa
7953-8578-9530-4442,GSB,Visa
3401-4859-2874-8830,UOB,Visa
0922-5859-5990-9358,UOB,Visa
6193-6678-5662-0103,TTB,Visa
6443-7336-4509-2980,KBANK,Visa
5255-4331-6696-4618,TTB,MasterCard
7934-5579-3254-0269,UOB,Visa
1069-0842-6824-8867,UOB,UnionPay
4619-0135-8310-4386,UOB,American Express
4798-9819-0926-4922,TTB,MasterCard
9938-8712-9658-4881,SCB,Visa
3653-7924-1561-2678,KTB,MasterCard
5136-7087-7444-9317,GSB,MasterCard
5992-3533-8842-6383,TTB,UnionPay
4814-9178-9159-0063,SCB,Visa
3034-7317-1791-1880,TTB,JCB
2122-7342-5745-3270,SCB,JCB
2749-9267-7859-5098,BBL,MasterCard
6451-6178-8001-3313,KBANK,Visa
6177-9284-1694-8437,TTB,MasterCard
7759-9278-2077-8540,BBL,Visa
1333-4330-7563-4299,GSB,Visa
3021-0507-7663-6237,BBL,American Express
9009-7094-4162-2782,UOB,Visa
7736-6540-6461-3963,TMB,JCB
0889-4281-2245-7536,KBANK,Visa
1421-1155-4499-7179,KBANK,JCB
2563-4127-8788-1092,TTB,American Express
4738-2369-8309-0743,GSB,JCB
7704-8135-3216-3011,KTB,Visa
7619-1928-1607-7829,SCB,Visa
2775-3450-1066-2766,GSB,Visa
9289-0994-3209-6453,SCB,Visa
1584-2034-8615-2270,KBANK,American Express
5197-2226-0857-3450,SCB,American Express
0458-6795-8922-8017,TTB,Visa
7901-2996-2585-8401,BBL,MasterCard
4050-7286-0607-1826,BBL,MasterCard
8815-4421-4908-4487,TTB,UnionPay
5816-9179-3653-1518,GSB,JCB
1944-4030-1987-4968,TMB,JCB
3817-5881-0409-4789,KBANK,Visa
6079-2442-3392-6559,TMB,UnionPay
0982-6223-8783-8985,TMB,MasterCard
9831-6980-6149-2555,UOB,Visa
3396-8108-5983-3172,KBANK,UnionPay
4007-1681-2403-7265,KBANK,UnionPay
8950-3261-4406-6878,KTB,MasterCard
4859-0772-4124-2321,TMB,JCB
1835-4729-9589-4551,BBL,MasterCard
7528-0207-9772-7148,TMB,UnionPay
9917-5993-3564-1148,GSB,American Express
2102-4106-4497-4962,BBL,MasterCard
7725-8374-8697-7936,BBL,MasterCard
5306-9476-6056-6090,TTB,Visa
6492-3162-6313-1375,TTB,Visa
3297-8561-0715-4291,GSB,JCB
1696-7792-8943-8204,BBL,Visa
6771-2403-5798-2584,GSB,JCB
4956-7841-6397-8475,SCB,American Express
7309-5595-4991-3529,TMB,American Express
0780-1056-3904-5990,GSB,American Express
7996-9857-3479-6496,KTB,UnionPay
8659-7393-3479-0843,TMB,JCB
0844-4325-2424-8198,SCB,JCB
0535-6849-0173-3014,KBANK,American Express
5047-6791-0179-4013,SCB,American Express
5501-3796-7537-9541,BBL,UnionPay
9350-2811-3533-2942,GSB,MasterCard
7727-5721-6868-6160,KTB,UnionPay
9029-9928-0720-6575,KTB,American Express
4381-1410-6145-5575,TTB,UnionPay
7023-9900-3508-1663,BBL,MasterCard
2689-1416-4673-4662,SCB,American Express
3347-3722-9913-3532,GSB,American Express
7752-5106-0190-7337,TMB,MasterCard
7348-4081-1878-4041,KTB,American Express
2595-3197-3174-8816,UOB,JCB
2606-9071-1195-6793,TMB,American Express
8441-9287-8017-8445,BBL,American Express
9363-4569-7552-1276,KBANK,American Express
3125-9390-1847-6188,BBL,UnionPay
5519-4970-0440-1719,KBANK,JCB
3676-0021-6890-5095,TMB,American Express
9422-4634-1703-1632,TTB,MasterCard
2039-8555-3852-0202,SCB,UnionPay
4820-5986-7909-5135,KBANK,MasterCard
0455-7462-6782-2220,UOB,Visa
8457-5112-1246-9220,KBANK,American Express
5252-1527-7798-7479,GSB,American Express
1625-0713-6936-0876,KBANK,UnionPay
1593-0829-1634-1318,BBL,JCB
3542-9869-8471-5017,UOB,MasterCard
7939-0123-7834-5081,SCB,UnionPay
6056-1799-3442-5523,TTB,JCB
6907-5530-2854-0159,KBANK,JCB
3477-3402-6062-1764,UOB,MasterCard
6751-6991-6354-7313,BBL,JCB
2126-9295-5982-0141,GSB,American Express
9467-4186-2559-5000,BBL,American Express
8097-3545-4009-3344,GSB,American Express
6163-0789-0850-0805,TMB,American Express
0826-1097-9751-8753,KTB,JCB
2428-4234-7237-1602,TMB,UnionPay
5544-4200-6034-4973,TMB,JCB
1084-9480-5718-6906,TTB,Visa
8078-0696-6411-5885,TTB,UnionPay
4867-2023-3935-0849,KTB,JCB
4463-0980-1585-3322,TMB,UnionPay
0870-5932-2832-4582,GSB,JCB
4400-3095-0416-8839,UOB,Visa
2545-9392-9982-9044,TMB,MasterCard
2413-2361-9282-1329,BBL,JCB
1255-4045-2397-4611,KBANK,JCB
4014-0909-3976-6445,KTB,Visa
6812-4755-3762-0348,UOB,MasterCard
7776-7365-4190-2822,KBANK,Visa
3030-3695-8171-4570,UOB,UnionPay
7478-4831-2045-7184,BBL,American Express
4317-9072-2537-6939,KTB,Visa
9093-4496-2865-7961,TTB,American Express
8892-3308-6209-6636,KTB,American Express
5349-5554-6001-6434,TTB,UnionPay
1430-8232-2550-9257,TMB,JCB
2489-2567-4009-0942,KBANK,Visa
9196-4424-9544-7297,SCB,American Express
1510-3170-6276-0373,TMB,American Express
2412-8087-1963-7169,TMB,Visa
1532-5664-3544-2650,TMB,American Express
1480-6399-0025-7160,TTB,MasterCard
3935-5525-5070-9245,TTB,Visa
6254-6717-8540-6377,GSB,JCB
8642-1416-4238-8232,TMB,UnionPay
4285-3175-7134-7098,KBANK,MasterCard
9333-0484-1958-2443,SCB,JCB
8496-9995-9936-6034,SCB,MasterCard
5910-5855-8963-7112,KBANK,JCB
9168-2605-7888-0598,BBL,Visa
7887-1184-3519-2799,TTB,JCB
9968-7117-6862-5899,BBL,Visa
4331-3490-2497-9956,SCB,American Express
1123-5082-6590-4750,SCB,MasterCard
1108-0792-4482-7484,BBL,American Express
2337-3338-2383-1617,GSB,American Express
0158-5245-6344-1416,TTB,Visa
1477-8336-6737-5126,TMB,Visa
4554-9135-0082-5220,TMB,UnionPay
3138-9984-2307-9023,TMB,American Express
5039-2098-0329-7181,KTB,American Express
2022-2630-0732-2082,SCB,American Express
3115-0626-1362-7929,TMB,Visa
4422-0078-3268-7654,KTB,American Express
2478-9906-2712-4488,UOB,MasterCard
2636-1519-1975-4768,BBL,JCB
4805-4548-8137-2486,GSB,Visa
6822-4850-1422-4307,UOB,JCB
0070-3845-4197-5514,UOB,JCB
1842-9177-8789-2854,TMB,JCB
7498-1370-6878-1032,KBANK,American Express
7433-4338-4557-7181,UOB,UnionPay
3026-8709-8651-2140,BBL,MasterCard
8671-6791-1750-5515,GSB,JCB
1587-0155-0939-4902,SCB,American Express
2142-5607-6193-9912,TTB,UnionPay
4017-1596-5407-0193,KTB,JCB
1430-7210-7346-8823,SCB,American Express
2002-9495-4808-6475,KBANK,JCB
4094-6798-7441-2194,BBL,Visa
5653-3222-7652-5472,SCB,American Express
7531-8243-1647-2269,KTB,MasterCard
6504-8306-3718-9531,TMB,JCB
5734-6287-6421-1317,SCB,UnionPay
9651-1731-5266-6333,KTB,MasterCard
8521-0266-2346-9456,TMB,MasterCard
6614-3325-4321-9156,TMB,MasterCard
3776-2439-5853-6535,KTB,American Express
2180-2967-1608-4503,SCB,MasterCard
1215-5261-7975-4112,UOB,JCB
3438-3736-1712-9134,KTB,Visa
9300-3234-9868-7510,KBANK,American Express
8186-8110-0189-5341,UOB,UnionPay
8023-7346-4933-0133,SCB,MasterCard
0752-9829-5159-9199,SCB,MasterCard
4053-7453-2238-1106,SCB,UnionPay
5467-5211-2901-0758,TMB,American Express
5456-5717-9810-1274,UOB,American Express
8107-9259-5432-3725,KTB,MasterCard
0994-5105-9893-3741,UOB,MasterCard
1392-3006-7396-3466,BBL,MasterCard
1365-3160-6742-6375,GSB,UnionPay
7407-9645-9808-7542,KBANK,JCB
6642-8666-3402-3783,GSB,JCB
7748-1690-2796-3469,BBL,JCB
9862-3864-7292-8228,TMB,JCB
0627-0215-8703-7827,KBANK,JCB
7781-5393-3068-2510,TMB,UnionPay
3143-3841-7173-2170,BBL,MasterCard
7445-4652-6004-4405,UOB,Visa
5697-9555-0993-4895,KBANK,Visa
6510-6783-4801-4162,TMB,American Express
6236-2281-1831-4533,SCB,MasterCard
8612-4433-7093-3694,GSB,JCB
3502-6858-8425-6693,TTB,American Express
0029-3585-6648-3096,TTB,American Express
5072-3603-2556-2445,GSB,JCB
5311-3491-7612-3348,UOB,Visa
3513-7794-5489-4192,KBANK,MasterCard
2726-2282-8060-3263,SCB,Visa
4478-7775-2645-6144,UOB,JCB
1109-2230-2852-6429,SCB,MasterCard
2987-3596-4619-2965,TTB,Visa
6921-9943-7658-0203,TMB,JCB
7823-0614-0266-8503,SCB,UnionPay
2709-4058-2064-1764,TMB,UnionPay
4982-4134-4604-6375,UOB,JCB
3429-9193-0247-0053,UOB,JCB
8563-7776-9919-1007,GSB,JCB
5501-8059-6011-2829,GSB,Visa
1601-7741-5745-7648,KBANK,JCB
3838-7492-5770-2209,KTB,JCB
8567-9238-0626-8797,KTB,Visa
8032-9101-3140-4833,BBL,UnionPay
9056-1147-9212-7864,KTB,Visa
1526-9379-9838-5758,SCB,UnionPay
9020-6344-5142-0134,KTB,Visa
1773-2363-4101-0761,TMB,Visa
1869-9011-0079-2628,UOB,American Express
0184-5854-2771-0857,GSB,American Express
2001-9475-0934-0279,TMB,JCB
1751-8779-2437-3661,BBL,UnionPay
2026-9962-4422-1507,UOB,Visa
0090-6275-8390-1750,TTB,MasterCard
4082-4542-1047-6331,KTB,MasterCard
2770-4888-4221-6150,GSB,Visa
8975-6976-8522-8690,TMB,UnionPay
6064-2362-1527-9482,TMB,MasterCard
3632-5953-8137-0536,KTB,MasterCard
5579-3962-6250-6059,BBL,Visa
7193-3808-3704-1923,UOB,American Express
3184-9270-2239-7405,KTB,MasterCard
0687-7966-9982-5094,KTB,American Express
7003-6674-3011-4547,TMB,American Express
1250-0067-7452-8648,KBANK,JCB
2203-2937-7890-5584,KTB,JCB
2780-2508-3372-3972,KBANK,American Express
0208-3311-3176-5507,TMB,American Express
5447-7464-2437-9320,BBL,UnionPay
6922-7496-5171-3276,KTB,MasterCard
4262-4149-3256-7831,TMB,JCB
2255-7389-3837-4229,BBL,JCB
5273-0720-5770-8985,SCB,Visa
1826-8451-0563-4444,UOB,Visa
3804-6974-0999-7894,SCB,JCB
3771-1142-4985-5525,TMB,JCB
1319-5276-8203-8801,KTB,MasterCard
5798-3676-9205-3777,KTB,American Express
4972-1677-4180-0575,BBL,Visa
9846-6647-3853-4489,GSB,JCB
7997-2692-3375-2277,GSB,MasterCard
3247-6608-6291-0066,KBANK,American Express
0695-6546-0691-7019,GSB,MasterCard
4529-3707-9818-3365,SCB,JCB
2195-7171-5768-2988,KBANK,MasterCard
5106-6573-7824-8925,KBANK,American Express
8993-0658-6902-9047,GSB,JCB
0319-2899-4505-3496,BBL,American Express
3604-0640-1702-0133,KBANK,JCB
4255-7004-6388-7575,UOB,UnionPay
1234-0632-0252-4590,KTB,MasterCard
6373-2972-7357-4664,BBL,MasterCard
1307-1101-4731-5398,TMB,MasterCard
0495-9600-7177-4328,TTB,American Express
3102-5888-4979-9372,TMB,UnionPay
1127-1993-4297-9079,BBL,UnionPay
2970-6476-8759-8456,UOB,UnionPay
2628-1167-2454-2489,KBANK,JCB
3603-6810-2042-8759,KTB,American Express
4668-3338-0116-5533,GSB,American Express
8862-2680-6342-4217,TTB,American Express
6333-2510-6415-1634,TMB,JCB
5973-7859-7112-4085,KTB,American Express
0153-0545-9096-7206,TTB,JCB
7368-0055-7901-5496,TMB,Visa
2911-2703-7387-3073,TMB,MasterCard
0278-9608-6068-5110,KTB,UnionPay
3469-6210-6962-3340,KBANK,Visa
5728-0362-3735-8633,GSB,Visa
3247-7177-9734-4334,KTB,Visa
2248-0787-1732-4401,TMB,American Express
0885-2180-2449-0313,SCB,JCB
3700-9324-3355-6843,TTB,JCB
3462-9774-5169-7607,BBL,Visa
5097-8362-7938-0412,GSB,Visa
0816-5989-9853-1814,TMB,American Express
7921-2579-3555-1240,BBL,Visa
4515-7549-4178-3158,TMB,American Express
9346-5245-3854-0734,KTB,MasterCard
1500-8531-0080-6457,GSB,UnionPay
3384-8168-2653-6344,TMB,MasterCard
9362-8712-6470-3583,GSB,American Express
1739-8614-6716-2096,SCB,JCB
1257-3371-6407-3330,TMB,Visa
3874-8329-5264-7872,GSB,Visa
4149-6108-2896-2761,BBL,Visa
8692-1294-8097-9923,TTB,MasterCard
4091-6755-6916-5795,TMB,UnionPay
9973-3938-9787-5608,TTB,American Express
7093-2876-4305-5252,TMB,Visa
6911-4663-4555-1644,SCB,American Express
4888-4712-3797-4957,GSB,American Express
1171-6393-2270-2210,KTB,JCB
7261-8194-3935-2341,KTB,UnionPay
1345-7885-3806-7844,KTB,MasterCard
0187-8672-8163-3333,TTB,JCB
4053-4450-1569-1105,UOB,JCB
6477-5650-2518-2675,TMB,Visa
8837-6309-6235-9038,KBANK,UnionPay
3197-4371-9291-2692,BBL,MasterCard
2757-7799-1670-1757,KTB,Visa
9313-3353-2387-1282,KBANK,Visa
2235-6190-6339-7971,UOB,JCB
9848-3242-9251-0638,KTB,Visa
8523-8307-3243-7926,GSB,MasterCard
9586-3732-5876-0833,UOB,Visa
9186-7869-1912-0594,KTB,MasterCard
1767-3029-0473-2290,BBL,UnionPay
3441-9338-1308-3449,KTB,JCB
4974-0891-1865-7339,SCB,JCB
9926-3832-2649-8631,UOB,UnionPay
1544-1888-8221-7865,UOB,American Express
8678-5476-1827-9048,TTB,Visa
3884-4915-5055-0175,BBL,MasterCard
5466-9305-9552-2117,KBANK,MasterCard
8100-9460-7817-4014,BBL,UnionPay
3645-5268-0487-5532,TTB,American Express
1958-7439-4926-0934,KBANK,JCB
6424-2311-7466-9452,TTB,MasterCard
5985-6108-2023-6847,UOB,UnionPay
0182-3099-8496-3970,BBL,MasterCard
1996-2464-6282-0180,UOB,American Express
2811-4579-0118-0796,GSB,JCB
5333-9992-8428-7191,BBL,Visa
8359-4646-4241-4967,SCB,Visa
3493-1742-8113-1758,UOB,UnionPay
5695-3925-0572-7167,KTB,American Express
5494-9303-7028-7098,GSB,Visa
1262-5652-4174-4955,UOB,MasterCard
9863-7371-3830-8714,TMB,JCB
5446-1620-2963-1178,TMB,MasterCard
3991-1759-5020-0880,BBL,Visa
8152-5312-3653-3363,BBL,American Express
0981-2172-7133-2593,TMB,JCB
7769-4861-7009-6734,SCB,UnionPay
5723-2541-4497-8411,TMB,JCB
6718-7320-5557-1656,SCB,Visa
8694-5114-6984-2711,TMB,American Express
2238-0682-9282-8017,SCB,MasterCard
1307-0827-4130-7612,GSB,MasterCard
9780-0553-7874-3687,KBANK,American Express
4268-4730-6838-1806,TTB,American Express
9826-3377-3500-0742,UOB,MasterCard
4595-8112-5777-1260,BBL,MasterCard
3126-3241-6193-9766,GSB,UnionPay
9241-7518-0941-9016,SCB,American Express
3683-7289-6130-5647,UOB,Visa
2986-6321-4729-4072,UOB,Visa
5639-6324-4608-0831,TTB,American Express
1691-9346-0648-6675,SCB,JCB
7862-9953-0077-6784,TTB,JCB
1571-0980-7041-5693,GSB,American Express
7417-0034-0867-1669,TMB,Visa
6994-0564-9817-3714,KTB,Visa
2288-3957-8355-0914,TTB,MasterCard
2248-2365-0172-9584,KTB,JCB
8501-3548-9140-4802,BBL,American Express
4812-6138-2026-3238,BBL,UnionPay
7486-9460-7285-2368,KTB,MasterCard
5510-5439-0733-1351,UOB,American Express
6573-7546-9414-9682,SCB,JCB
0158-2057-4854-9666,SCB,UnionPay
6444-6228-0698-3816,GSB,JCB
9115-0218-9854-1676,TTB,MasterCard
6744-2666-3997-9347,SCB,JCB
4630-6062-0792-0000,TTB,JCB
6884-1454-0261-0038,GSB,American Express
1297-4765-8764-2976,TTB,MasterCard
9950-9305-4064-1768,SCB,Visa
9813-6950-5040-2637,UOB,JCB
9603-3029-2897-7241,KTB,UnionPay
4889-1192-7231-6086,KTB,American Express
9266-8415-8983-4248,SCB,UnionPay
6455-3403-0857-8792,KTB,MasterCard
5651-7287-8957-4453,GSB,MasterCard
3816-0753-8362-9618,SCB,MasterCard
6474-4740-5780-7166,GSB,UnionPay
7748-7469-2713-8637,TMB,JCB
6238-9186-0119-5630,GSB,Visa
8781-6776-6148-6254,TMB,MasterCard
4734-8936-7298-9927,SCB,UnionPay
6090-8476-8391-9097,GSB,MasterCard
3054-3324-4613-8069,UOB,Visa
6075-6620-7871-9020,GSB,Visa
1428-8441-7972-7067,KBANK,Visa
1025-4877-0599-3799,SCB,UnionPay
6903-2762-4906-6770,KBANK,Visa
6125-6393-6364-7353,SCB,JCB
7126-0673-2701-3923,KBANK,MasterCard
0856-2694-1436-5228,TMB,MasterCard
2783-4333-5408-9183,UOB,American Express
7579-5472-5320-8598,KBANK,MasterCard
1926-8965-1244-0940,UOB,American Express
9731-9460-1932-0299,TMB,Visa
3233-9809-9652-3751,SCB,MasterCard
7977-7602-7601-5289,KBANK,American Express
7352-3452-0476-9337,TTB,Visa
7817-9371-2651-0494,KTB,MasterCard
8375-5901-0826-8134,KBANK,UnionPay
0502-7245-2046-7446,TMB,Visa
3393-6837-1947-8537,TTB,UnionPay
0263-0311-0705-1307,UOB,American Express
0957-8420-6114-8036,TMB,MasterCard
5424-6659-2438-6694,BBL,Visa
9093-7061-8110-5512,KBANK,MasterCard
0811-2182-2917-5720,GSB,UnionPay
8713-7091-4323-5783,BBL,Visa
3122-4728-4197-9952,BBL,UnionPay
1731-6687-3395-5237,KBANK,Visa
3655-7112-6432-8962,UOB,JCB
3993-7862-4564-8532,GSB,MasterCard
4489-9174-8106-4487,UOB,JCB
8464-5631-8789-8867,TTB,Visa
4574-4800-3424-9720,TMB,MasterCard
9958-7023-2122-6443,SCB,American Express
2166-0610-0868-3842,TTB,American Express
3752-6830-5750-0452,KBANK,American Express
0512-3645-8302-8548,KBANK,MasterCard
8977-2113-5445-2714,TMB,UnionPay
3436-2980-5311-9267,KTB,American Express
4064-0696-6315-6824,KBANK,UnionPay
4734-1760-0449-0523,GSB,JCB
4208-1304-0239-2826,SCB,American Express
1960-8643-0047-5460,UOB,MasterCard
4469-9298-9061-8089,BBL,American Express
6082-6647-3885-5226,SCB,JCB
1373-9223-4567-6054,TMB,Visa
6950-5025-3187-4606,KBANK,UnionPay
9864-1383-2422-4034,BBL,MasterCard
3454-1918-9172-7760,KBANK,MasterCard
1629-7049-4622-2243,KBANK,American Express
7427-4991-5937-9367,TMB,Visa
4739-2241-7291-8315,GSB,American Express
6276-9837-6732-3930,KBANK,MasterCard
7569-3963-1426-0262,TTB,MasterCard
0754-8997-4525-1956,GSB,UnionPay
4492-9865-2427-5518,UOB,MasterCard
7324-9500-2177-0455,TTB,MasterCard
8839-7425-8346-6370,KBANK,Visa
0409-5689-0414-7293,TTB,MasterCard
9759-7877-2211-5630,KTB,JCB
0572-8314-0676-5439,KBANK,JCB
7653-5296-0077-2303,UOB,JCB
9570-1779-0668-2735,KTB,MasterCard
8651-0516-9663-2443,KTB,American Express
0803-2242-6020-1766,TTB,Visa
4194-3656-4506-5525,TMB,JCB
8400-3828-1343-9626,KTB,Visa
7886-3251-2575-7985,UOB,American Express
8416-2908-6537-7091,KTB,UnionPay
8713-9023-5396-9757,GSB,American Express
9249-1000-5163-5473,TMB,American Express
4262-6108-1675-8346,GSB,JCB
0566-1325-8937-8037,BBL,JCB
8852-4657-1065-7202,GSB,American Express
5047-5320-6187-3630,KBANK,Visa
4346-4546-2890-2981,BBL,Visa
2671-4615-3972-1359,UOB,Visa
6489-4108-1826-4804,KTB,UnionPay
2516-0478-6845-4846,TMB,MasterCard
7609-8203-4261-6090,KTB,UnionPay
1466-9080-5323-4016,KTB,JCB
8878-2174-3698-8059,TMB,Visa
0654-0274-3483-3027,GSB,UnionPay
6675-7085-6153-3003,KBANK,American Express
5745-7023-8170-7726,SCB,UnionPay
8149-4740-6725-4574,TTB,American Express
1298-8974-5893-7277,BBL,Visa
2571-7053-1901-3073,BBL,UnionPay
1275-5456-5403-1248,UOB,MasterCard
7859-3245-8458-3415,SCB,UnionPay
4774-0668-2306-8113,KBANK,Visa
4021-9156-0345-8521,TMB,UnionPay
6805-6269-1801-1739,TMB,MasterCard
9771-6230-4904-0159,KTB,JCB
8951-2365-9092-1480,KTB,American Express
6268-0832-2696-5632,BBL,JCB
1402-0995-5375-7906,KBANK,Visa
5835-3613-2852-5315,KBANK,Visa
0902-0356-4604-9275,BBL,Visa
4350-3017-5361-9116,TTB,American Express
0066-6780-2367-9158,KBANK,MasterCard
7485-3145-0396-4712,UOB,Visa
9573-5035-6116-5806,TMB,UnionPay
8685-6288-4683-3622,BBL,American Express
1591-3478-6753-9432,UOB,American Express
0178-9622-7247-2871,TMB,Visa
2865-2005-1078-6447,KBANK,MasterCard
2776-5987-7655-2939,BBL,MasterCard
1991-4754-9192-8584,SCB,American Express
3559-3029-9528-3785,KBANK,American Express
0883-0164-1319-0746,KTB,JCB
0401-8506-2601-7450,TTB,American Express
9318-8989-9319-9105,KBANK,American Express
3861-7041-1758-3170,TTB,Visa
7996-6669-0329-3438,SCB,Visa
8614-8075-4303-9323,GSB,American Express
3777-9315-2723-5252,BBL,UnionPay
4305-9771-8658-5863,KBANK,UnionPay
1949-4580-7630-3220,TTB,MasterCard
5506-9177-1638-1981,KBANK,UnionPay
2497-7221-8802-2655,GSB,UnionPay
0528-8108-6937-3149,GSB,Visa
6839-0816-9162-2248,GSB,JCB
9819-9870-4210-6962,KTB,JCB
1054-2646-0701-6274,TTB,MasterCard
0038-4591-7348-8687,KTB,JCB
1574-5959-4058-5216,SCB,American Express
0840-4559-7565-6729,TMB,American Express
9088-2729-4909-6372,UOB,UnionPay
5170-7297-9388-8277,TMB,Visa
4156-1167-5601-0423,TMB,Visa
9975-7656-2668-3685,KBANK,MasterCard
0942-5245-0919-8357,KBANK,American Express
7600-1549-3983-4540,SCB,American Express
6984-2657-2849-6852,GSB,UnionPay
9266-4951-7663-6496,KTB,UnionPay
3010-0113-7879-6006,BBL,American Express
2831-4363-5664-7420,TMB,American Express
0436-7205-3549-3722,KTB,Visa
4119-5655-1069-5292,KTB,JCB
4165-5462-9907-0271,SCB,American Express
8506-3086-5445-7607,SCB,American Express
2314-4576-4249-7782,TMB,Visa
0747-2678-1435-5573,KBANK,American Express
8658-6675-9665-2860,GSB,JCB
9981-4527-4239-5781,TMB,MasterCard
0971-8278-7488-4262,TMB,MasterCard
7106-0849-6694-6581,SCB,JCB
0312-7621-7794-3368,UOB,American Express
8360-7918-0571-9464,KBANK,American Express
6237-3198-6722-9159,TMB,Visa
4840-0637-3698-5733,KBANK,Visa
4482-8557-9619-2794,SCB,American Express
4831-2484-8275-1620,TTB,Visa
7262-3228-6483-6963,TMB,American Express
0532-5485-1124-6867,TMB,MasterCard
8684-9544-0237-3685,KTB,UnionPay
3355-1048-0952-9245,KBANK,Visa
6079-4183-8805-0425,UOB,JCB
5270-2191-3979-5478,UOB,Visa
0212-8818-7298-8741,TTB,JCB
7576-2386-1973-9024,KTB,American Express
9034-3066-0195-7184,TTB,MasterCard
9040-5096-8766-4130,GSB,American Express
5821-4295-3860-5918,BBL,American Express
8418-3100-5108-5019,KBANK,Visa
3254-4609-2651-8092,TTB,MasterCard
6412-1243-8101-0861,KBANK,American Express
3895-8229-7546-9605,BBL,JCB
8907-7632-5555-2186,BBL,JCB
1458-4029-5322-9277,BBL,Visa
8530-8120-0362-2795,KBANK,UnionPay
9509-1500-4275-4493,KTB,American Express
3357-1027-8166-4680,TMB,MasterCard
1000-6590-6018-9843,TMB,JCB
7075-4137-6466-2539,GSB,American Express
1865-5658-9298-1289,BBL,UnionPay
7415-8702-7246-9070,TMB,JCB
3164-5286-3862-4967,KTB,JCB
8081-5516-0791-3264,TMB,American Express
4289-7945-4494-0717,UOB,Visa
1355-1799-6256-8326,KBANK,MasterCard
9282-7411-4953-4653,KTB,UnionPay
9008-5731-4020-3487,TTB,American Express
5846-2993-3269-8365,GSB,JCB
6585-2281-0331-6451,TTB,MasterCard
8689-1775-2188-9548,UOB,JCB
7178-8490-2964-6434,SCB,JCB
5805-6438-7463-9584,SCB,UnionPay
6812-1351-9139-6309,KTB,UnionPay
8943-4260-7397-0184,TTB,MasterCard
5250-3667-7812-1216,SCB,JCB
7781-4078-4685-5093,TTB,JCB
7758-0613-8788-5192,TMB,Visa
0233-9301-3770-8348,KBANK,American Express
6439-8797-9634-9512,GSB,UnionPay
2999-8509-3740-9713,BBL,Visa
2704-2944-4736-7871,TMB,UnionPay
8712-5967-3315-8776,TMB,UnionPay
6261-4697-5241-3504,SCB,UnionPay
8577-4729-1435-2451,BBL,American Express
0318-1864-8367-4491,GSB,Visa
6746-2328-1754-1497,TTB,UnionPay
7720-7235-8117-5176,KBANK,JCB
3965-1580-4876-0747,UOB,Visa
9826-2885-1744-2347,KTB,MasterCard
9034-4681-6912-3531,KBANK,UnionPay
2390-5471-4672-2654,KBANK,JCB
1366-0749-6490-4539,KBANK,American Express
6453-8831-9423-3648,BBL,JCB
6326-6454-4549-3348,BBL,MasterCard
1572-1182-0818-6991,KBANK,MasterCard
4114-3196-8398-1976,TMB,Visa
4779-6717-2476-5914,TTB,JCB
8161-6116-5330-2462,GSB,UnionPay
8783-5878-0167-0198,KBANK,American Express
5797-1436-5196-9779,BBL,Visa
4900-9090-6525-0790,KBANK,UnionPay
3854-5339-5966-9028,KTB,Visa
9216-9882-0141-1304,SCB,JCB
8591-3508-8662-9246,KTB,American Express
7221-4994-7500-6219,KBANK,Visa
2749-8609-2763-6931,SCB,Visa
5371-5890-6115-8572,GSB,Visa
9050-7591-0398-6023,TMB,MasterCard
3708-4833-3158-7712,BBL,MasterCard
7210-8577-7753-3417,KBANK,UnionPay
4877-7757-3026-5370,SCB,American Express
0490-3794-1653-0701,KBANK,JCB
0901-2505-4893-0386,BBL,UnionPay
0447-2521-0634-2822,GSB,UnionPay
8048-5020-4269-5259,TTB,MasterCard
5475-4808-1733-0819,BBL,JCB
5456-8455-8218-1809,TMB,UnionPay
3330-3626-6508-6017,TTB,MasterCard
4523-8084-6234-9919,TMB,MasterCard
3468-8369-1620-2798,TTB,American Express
0380-3570-3623-7715,TTB,JCB
3784-2978-3750-6506,KTB,American Express
4175-0537-1028-1564,TMB,UnionPay
5746-3578-0387-0837,BBL,MasterCard
9977-7018-8303-4637,BBL,MasterCard
1949-1489-6031-0531,UOB,MasterCard
2001-8706-4387-2971,UOB,JCB
3363-5411-4262-2838,SCB,Visa
3410-0880-0976-8494,TTB,Visa
2019-3554-1834-0667,KTB,JCB
9061-9819-2037-8320,BBL,American Express
3770-8344-8918-6390,GSB,MasterCard
9979-3415-5249-1712,TMB,American Express
8042-2510-2170-1266,KBANK,MasterCard
4694-3538-2424-5121,TTB,UnionPay
2168-6207-6695-4805,TTB,MasterCard
0420-2555-2960-1379,UOB,JCB
8149-6627-3875-6867,TTB,UnionPay
7936-5803-1065-9607,KTB,JCB
3670-9057-8355-3976,BBL,MasterCard
8390-5905-8724-8558,BBL,JCB
7837-9310-8980-1071,TMB,UnionPay
1871-5244-2036-8585,KBANK,Visa
4572-1502-4424-8555,UOB,JCB
3659-5798-5517-0444,KTB,MasterCard
0768-4283-3830-6475,GSB,UnionPay
7359-1265-9453-0229,TTB,JCB
3389-0130-1823-9433,TMB,Visa
9100-9339-7189-1660,BBL,JCB
9893-2600-1596-9750,TMB,American Express
7829-4515-1751-8143,UOB,JCB
6878-5131-6010-0911,TMB,MasterCard
9643-8266-3474-7099,UOB,JCB
4214-9669-9477-8862,KTB,UnionPay
1911-3273-0439-1867,TTB,MasterCard
7123-3309-3420-8054,SCB,American Express
3973-4401-0748-9301,SCB,MasterCard
5552-8434-6748-1649,KBANK,UnionPay
2985-8453-6301-1590,KBANK,JCB
4638-8104-6927-1824,GSB,UnionPay
2742-0068-4784-1304,TTB,American Express
5436-6352-0783-4512,KBANK,American Express
3015-8004-8060-7921,GSB,UnionPay
2288-1315-2439-0887,GSB,American Express
1870-7726-0230-8279,UOB,MasterCard
5222-7504-4398-1884,TTB,American Express
5895-0293-0136-7546,GSB,UnionPay
9362-1016-9659-3646,KBANK,JCB
8506-6046-5693-6925,UOB,JCB
7145-2188-7539-1667,KTB,JCB
5510-6124-5932-6886,TTB,American Express
4226-0629-5052-8876,UOB,American Express
2974-3734-2188-2204,BBL,JCB
8127-3879-8703-2567,TTB,MasterCard
7660-3601-6785-6561,TTB,JCB
8699-9000-5664-9814,SCB,Visa
3320-6275-0786-6016,GSB,MasterCard
0481-9348-2396-8894,UOB,MasterCard
3776-2328-0100-0643,BBL,American Express
6798-9984-8153-6496,TMB,American Express
6295-8165-1884-4182,GSB,UnionPay
0170-1165-2852-9239,SCB,MasterCard
6451-3374-1471-0685,TTB,JCB
9675-6331-6911-1983,BBL,JCB
9614-6572-4888-8347,KTB,MasterCard
7553-7699-2432-7245,SCB,Visa
9962-7781-6122-5069,TTB,American Express
3355-9119-0670-6104,SCB,American Express
8983-0872-5561-7283,UOB,MasterCard
2181-7064-7174-5618,KTB,Visa
3857-1999-9502-6230,SCB,MasterCard
8001-0953-8986-4608,UOB,UnionPay
5663-0252-6461-8278,GSB,Visa
7194-7442-4834-2158,TMB,JCB
8517-1095-7275-1631,UOB,American Express
1675-6724-2694-2469,KTB,JCB
9292-3818-2598-7399,TTB,MasterCard
3191-1673-1253-7930,UOB,MasterCard
4077-6956-9182-7604,KTB,American Express
3648-6799-2315-0573,UOB,MasterCard
3761-9453-1342-3671,GSB,MasterCard
6591-2986-9087-6313,BBL,UnionPay
9270-2933-3512-6506,UOB,UnionPay
6887-9308-3285-5096,GSB,JCB
7793-5829-9677-5346,TTB,UnionPay
1124-6350-5291-4228,KTB,UnionPay
3345-1705-4616-7795,KTB,JCB
3942-1991-2820-9916,SCB,Visa
2477-2387-9774-1233,TMB,MasterCard
8380-5639-1899-7230,SCB,UnionPay
4257-6712-0209-9721,TMB,Visa
8411-6070-7871-3219,TMB,UnionPay
2893-1083-4250-6155,BBL,UnionPay
0629-2366-3517-1497,KTB,Visa
3990-3237-2486-2054,UOB,JCB
5746-8787-3934-2017,TMB,Visa
9097-5126-3274-3829,BBL,UnionPay
3232-0541-3518-5639,SCB,JCB
5977-7514-0570-5760,KBANK,UnionPay
0020-6429-6909-2074,KTB,UnionPay
9999-8721-7557-0857,KTB,Visa
1595-9438-9740-8379,TMB,UnionPay
5486-2252-7774-3346,TTB,UnionPay
4985-9776-5553-1159,BBL,JCB
2965-5284-5577-7220,UOB,American Express
5689-5050-9447-7320,GSB,JCB
5373-5140-0552-3897,BBL,UnionPay
7333-4820-2671-5978,SCB,American Express
8121-1037-6291-2608,SCB,American Express
7062-6530-6406-2481,SCB,American Express
8799-5575-9797-9783,BBL,American Express
4381-1410-7172-1500,GSB,JCB
6369-1506-0091-8990,TTB,UnionPay
7170-0363-0393-2760,SCB,MasterCard
9970-8396-0882-0115,TMB,UnionPay
2434-9665-3720-2032,BBL,JCB
2057-0317-9738-1476,GSB,UnionPay
5849-3128-3479-8323,SCB,UnionPay
5549-3336-1363-8274,GSB,American Express
8930-2733-7091-1406,KBANK,MasterCard
7792-5344-0534-7326,BBL,MasterCard
6564-1437-6063-8864,TTB,American Express
5884-8253-4207-0209,TMB,American Express
2212-7350-4745-7141,KBANK,American Express
4101-9888-0451-7972,SCB,Visa
5298-6330-4470-5989,KTB,Visa
0868-8809-6451-6549,KBANK,JCB
1513-6975-6590-7042,GSB,MasterCard
4898-8009-4525-5148,TTB,MasterCard
1321-2383-3086-6156,TTB,JCB
1644-7104-3570-6624,TMB,American Express
4381-4351-9661-0692,KTB,Visa
5401-9188-7860-2692,SCB,Visa
6588-0297-0565-3198,TTB,Visa
2266-4569-0941-7898,UOB,American Express
6090-6850-9723-3603,TMB,MasterCard
2686-6331-6116-0537,TTB,JCB
3024-3928-2172-1474,BBL,UnionPay
3553-0361-2951-4080,UOB,JCB
7570-5269-0818-7358,KTB,American Express
3834-3746-8542-4241,GSB,MasterCard
2091-8366-9699-4269,TTB,Visa
6797-7822-6858-0858,SCB,American Express
5060-9796-0019-4726,GSB,Visa
8793-4759-8068-4967,SCB,MasterCard
2302-0314-8243-4106,SCB,American Express
9980-4122-8142-4112,SCB,UnionPay
3367-6257-6115-3186,KBANK,UnionPay
8393-2955-6622-5854,TMB,JCB
4227-6337-4500-6054,TTB,MasterCard
6757-7519-4736-8765,TMB,JCB
3818-3172-8944-2962,BBL,UnionPay
6945-9410-8917-8343,BBL,American Express
7043-1615-8026-6697,SCB,Visa
5007-9889-6900-0238,TTB,Visa
6891-7742-2537-3025,TTB,UnionPay
2394-9508-8481-3846,KTB,JCB
1079-8448-7320-9135,BBL,American Express
2277-7717-3594-8592,KBANK,Visa
5895-3966-7476-0434,KTB,JCB
3125-4285-2575-6502,TMB,UnionPay
3771-3918-2772-2952,SCB,Visa
2144-7135-3285-3677,SCB,Visa
1022-6121-3636-7118,UOB,JCB
4095-5002-6652-1529,GSB,Visa
7983-1978-8625-9097,SCB,JCB
9144-6164-2356-4573,TTB,JCB
4665-5062-7134-1045,BBL,Visa
8023-8593-1857-0904,SCB,Visa
5525-3414-8982-8946,TMB,JCB
1638-1537-7619-4095,KBANK,JCB
4806-6358-9930-1894,KBANK,Visa
4783-9818-6541-1175,KBANK,UnionPay
8822-1386-9731-2039,BBL,Visa
3285-6134-5317-4816,UOB,JCB
3646-4608-1248-5055,SCB,Visa
1430-0038-9338-6183,SCB,UnionPay
5766-8924-7109-6557,UOB,American Express
4289-3783-9033-5234,KBANK,MasterCard
5918-8732-7354-6133,UOB,UnionPay
7316-7389-9301-0141,UOB,JCB
8948-3030-5370-9619,KTB,UnionPay
1090-9173-3478-1768,TTB,MasterCard
8307-0314-9703-5695,KTB,American Express
3329-9077-1881-2735,SCB,MasterCard
7678-5652-1819-9074,KTB,American Express
8398-0974-2040-4134,KBANK,UnionPay
8705-2561-9439-7878,GSB,UnionPay
0056-7753-9228-2861,TTB,JCB
7032-2879-3437-3846,KTB,JCB
9399-5841-6295-0505,GSB,American Express
4963-8034-4839-5983,TMB,UnionPay
9603-4878-5332-8620,KBANK,American Express
5507-3429-9959-9155,BBL,JCB
6721-0894-2173-5673,KBANK,UnionPay
6305-0902-5057-0001,BBL,UnionPay
4396-6854-0975-2994,UOB,MasterCard
6858-5662-7346-3581,KTB,American Express
1829-4454-1312-2812,KBANK,American Express
9322-0265-6595-9530,KTB,UnionPay
0036-7190-1362-8968,GSB,MasterCard
7559-0199-1865-2289,TMB,JCB
7980-0624-0314-4647,GSB,Visa
1311-5869-2428-3225,GSB,MasterCard
7397-7303-0436-5944,TTB,American Express
5299-9933-9384-2642,UOB,JCB
6312-4346-4550-0941,KTB,UnionPay
0864-3110-9384-6285,SCB,American Express
9691-5055-9467-5049,SCB,American Express
0856-3340-7729-0504,GSB,Visa
7135-1742-3432-4598,SCB,Visa
1230-3034-9587-0788,TTB,JCB
9792-0915-2455-1883,SCB,UnionPay
6403-8284-1415-6240,KTB,Visa
7101-2371-3705-7960,SCB,American Express
3578-6965-8975-4367,SCB,MasterCard
2379-4878-6729-6985,BBL,UnionPay
2806-6859-6476-9923,BBL,JCB
1530-7598-8254-6124,SCB,MasterCard
8460-9343-1915-9602,KTB,Visa
3507-3524-1108-1703,TTB,UnionPay
5283-6124-0166-5459,KTB,American Express
8743-1436-1322-6997,KBANK,Visa
9760-6584-1698-4075,UOB,JCB
5369-9980-5790-0628,KTB,Visa
3470-2151-2370-2980,UOB,Visa
9027-7541-2551-1227,KTB,UnionPay
1448-3467-0572-8475,TMB,MasterCard
7262-6516-7461-8300,TTB,UnionPay
6303-9812-1890-4185,KBANK,UnionPay
2984-4841-0118-0234,KTB,JCB
8611-8779-9870-3708,KTB,Visa
9140-3552-0354-4582,KBANK,JCB
6514-2932-8608-4316,GSB,Visa
5795-7133-2354-8788,BBL,American Express
3756-7566-9436-4860,TTB,MasterCard
1027-4367-5345-6819,KBANK,American Express
2415-0529-0862-6184,UOB,UnionPay
8732-6330-8622-2935,TTB,JCB
2520-9980-5158-5465,TTB,Visa
1761-7286-9972-4637,TMB,Visa
9776-2776-6410-3634,BBL,Visa
2184-8196-5466-2015,BBL,Visa
2576-9577-5771-3199,KTB,JCB
6185-2036-9966-1123,SCB,MasterCard
1283-7956-1449-6430,BBL,JCB
7364-5775-1520-9619,SCB,MasterCard
0099-6018-0829-0780,KTB,UnionPay
6089-5984-5580-1112,GSB,UnionPay
2061-1533-3493-5511,KTB,JCB
3188-2115-7579-1096,UOB,MasterCard
0707-9329-8414-7430,KTB,American Express
3006-7794-1303-5702,TTB,American Express
2715-8175-6208-9599,KTB,JCB
7517-2184-4859-1660,SCB,UnionPay
5471-8875-0164-1319,TMB,Visa
9451-6879-6167-5125,UOB,MasterCard
3455-6421-7669-3874,KTB,JCB
0054-3930-0136-0720,TTB,American Express
9740-9451-2535-9918,KBANK,UnionPay
4921-0985-8188-9581,SCB,UnionPay
9261-2288-8843-3435,UOB,UnionPay
3611-4719-5650-7809,BBL,American Express
6154-2613-0662-3339,TTB,MasterCard
4465-6598-4509-1416,BBL,MasterCard
2353-5911-0055-2917,KTB,American Express
0913-4716-5748-2858,UOB,UnionPay
7856-4490-2588-1360,KTB,UnionPay
8131-0194-0442-5564,SCB,JCB
5739-8342-3532-6524,BBL,MasterCard
8941-7547-3273-4314,KTB,American Express
4403-9797-3579-3503,KBANK,JCB
5573-8411-7686-0019,KTB,MasterCard
5376-4652-9140-7270,TTB,Visa
2063-3028-6275-8721,KTB,American Express
9432-8638-8025-7846,TTB,Visa
9812-8230-7905-1069,UOB,UnionPay
5173-3700-7455-2056,KTB,MasterCard
0332-2423-4000-1787,TTB,MasterCard
1166-4135-4559-1804,SCB,UnionPay
6558-8914-9528-0352,TMB,MasterCard
7024-8368-3900-7256,KBANK,JCB
2340-8453-6496-5494,TMB,JCB
5283-4918-5354-0905,UOB,UnionPay
9633-6906-3233-8382,TMB,MasterCard
3778-6381-7991-9598,BBL,American Express
8298-3440-8349-4917,SCB,JCB
6758-0437-2842-4654,KTB,JCB
9985-5511-2291-3053,KBANK,MasterCard
1616-9522-2528-5771,BBL,JCB
4699-1886-8935-0981,KTB,MasterCard
5429-6959-4196-2273,KTB,UnionPay
5152-0650-5273-6697,TTB,JCB
7853-2813-0377-4108,BBL,JCB
4884-2107-8829-9569,KTB,JCB
0781-9639-5606-9657,UOB,JCB
0860-4851-4900-3186,KTB,JCB
2184-8969-5592-7011,GSB,Visa
2482-7493-8881-7495,KBANK,American Express
8253-0550-6163-6994,GSB,American Express
2354-6370-0199-5659,KBANK,UnionPay
9451-8338-0312-2857,GSB,UnionPay
7953-8742-1007-6758,TTB,MasterCard
7694-0831-6120-4920,KBANK,JCB
1017-7403-5499-8870,KTB,American Express
0219-5390-5863-6321,TMB,UnionPay
9414-0256-2544-2682,GSB,JCB
2441-0397-5623-6060,BBL,American Express
7008-0489-5832-0068,KTB,MasterCard
1291-7164-0650-7181,TTB,American Express
0642-1021-4119-2808,KBANK,JCB
9901-0124-3246-9545,KTB,Visa
5398-9535-4342-7838,GSB,JCB
9913-9781-2978-6572,TMB,JCB
0026-4833-8822-9916,TTB,MasterCard
4059-5653-9749-5946,GSB,American Express
1254-8026-6553-2027,SCB,Visa
7258-5472-0962-0066,BBL,JCB
0867-9989-2879-0050,KBANK,UnionPay
9578-8301-2662-9809,TMB,UnionPay
0053-5455-3313-1928,SCB,UnionPay
6922-1321-8306-2586,BBL,Visa
5098-2439-3464-7141,TMB,MasterCard
6923-4599-2912-9586,UOB,Visa
5425-7778-9021-8304,TMB,American Express
6077-8058-1146-1532,TMB,American Express
0620-0543-4026-6720,SCB,UnionPay
2724-2851-4160-0226,UOB,UnionPay
7559-1920-0087-5915,BBL,JCB
8981-2165-9538-4862,KBANK,UnionPay
2501-6169-2642-5028,SCB,UnionPay
4120-0557-8669-7078,GSB,MasterCard
7346-4690-0810-8003,KBANK,UnionPay
6561-1814-9337-5750,UOB,American Express
6088-2653-8825-8054,UOB,JCB
5863-8019-2435-1110,KBANK,JCB
2803-4896-9360-1932,TMB,JCB
8299-2815-0824-0342,TTB,JCB
3857-2706-3567-7255,KBANK,MasterCard
2233-4084-6343-9439,GSB,MasterCard
9835-0223-8426-9130,UOB,UnionPay
8854-3781-2851-8719,SCB,MasterCard
7638-8458-6379-6195,TMB,Visa
9037-2333-2148-5519,TTB,UnionPay
5287-1137-8109-9873,UOB,UnionPay
3474-0526-4452-5873,UOB,Visa
0295-5184-9265-4563,BBL,MasterCard
9324-7564-5103-9232,SCB,Visa
1841-1455-7801-3277,SCB,Visa
5099-1261-2358-6862,KTB,UnionPay
1027-6927-9037-5989,KBANK,Visa
3103-0669-8157-3666,UOB,American Express
2646-2416-0727-8379,KTB,American Express
5457-0165-9933-0400,TTB,American Express
2580-4787-6640-2554,TTB,JCB
8218-1540-6490-9600,TTB,American Express
1928-9821-6466-8502,KBANK,MasterCard
5849-6210-3210-6709,GSB,Visa
2747-1357-9530-6120,UOB,MasterCard
0436-6396-4033-9537,TTB,Visa
6147-7108-2108-1203,UOB,American Express
5361-8579-4407-6252,KBANK,UnionPay
0558-0655-6120-2032,GSB,Visa
5803-1278-5111-1963,BBL,Visa
0655-1831-4521-4708,BBL,MasterCard
3921-2258-1317-5397,UOB,Visa
9948-0150-3419-7296,GSB,UnionPay
6590-2341-3783-1542,UOB,American Express
9987-9115-1792-1209,KTB,Visa
9296-9807-9970-3477,TMB,UnionPay
8799-8336-5705-6761,KBANK,American Express
6400-1443-8620-8200,GSB,UnionPay
2282-0075-3465-9881,BBL,American Express
4320-0501-6864-5470,GSB,MasterCard
4125-2529-9409-1216,BBL,Visa
6694-7184-4148-0115,GSB,JCB
1340-5972-0657-4496,GSB,UnionPay
2140-6745-9380-5680,GSB,MasterCard
9687-0272-3238-0553,KTB,MasterCard
8411-4534-0825-3031,KTB,Visa
4027-4787-3106-8865,UOB,American Express
4159-4766-5271-6310,GSB,UnionPay
4206-1115-4548-3999,KBANK,JCB
1470-2489-6067-3890,BBL,Visa
0275-4923-3284-4479,KBANK,American Express
0616-2486-0188-3012,SCB,American Express
8033-2923-2907-8966,UOB,American Express
7860-0050-6354-1091,UOB,American Express
8148-9474-6667-4418,GSB,Visa
6491-7629-5371-7888,BBL,Visa
5994-5037-2827-3764,TTB,JCB
9504-3534-2465-1496,BBL,JCB
4014-1065-6628-2984,BBL,UnionPay
9948-7680-5263-9234,BBL,American Express
8323-8349-6323-1582,GSB,JCB
9705-6357-2473-1863,KBANK,Visa
2770-0377-0660-1246,SCB,MasterCard
8288-6411-7975-6134,GSB,JCB
0047-3342-0808-2767,BBL,MasterCard
4729-2220-3068-5139,KTB,MasterCard
6905-4930-7576-7738,SCB,MasterCard
4992-2822-2484-4446,KBANK,Visa
9354-2811-7785-4352,SCB,Visa
0266-1477-7245-7303,UOB,JCB
2381-4925-9326-3498,KBANK,JCB
9067-4911-4807-4176,GSB,UnionPay
0484-0451-5787-9601,SCB,MasterCard
7362-7742-2474-2339,KTB,UnionPay
1402-1694-8159-7942,TMB,MasterCard
6973-0674-1528-2352,GSB,UnionPay
0887-0605-0406-9579,KBANK,American Express
1545-0179-1854-8472,SCB,MasterCard
3908-3023-6697-1733,TTB,JCB
6311-5748-8088-1142,KBANK,Visa
1960-0787-1754-0153,KTB,JCB
3973-8319-5589-2260,BBL,JCB
7939-0481-5993-0013,TTB,JCB
0783-6191-8398-5803,TTB,MasterCard
2966-1728-3513-2612,TTB,MasterCard
4982-4291-3876-6090,KBANK,JCB
2515-4337-6349-3050,UOB,UnionPay
9580-6444-7654-4316,SCB,JCB
7929-4980-9153-7120,KBANK,Visa
2292-6377-3069-6231,BBL,JCB
1491-6102-0404-7643,SCB,UnionPay
8494-8907-9469-3008,KBANK,American Express
2524-1098-1866-0538,GSB,JCB
6246-6485-6783-2122,KTB,MasterCard
5710-6056-0906-7643,KTB,American Express
3982-9064-1652-6601,BBL,American Express
7887-4881-0793-2782,GSB,JCB
2630-3724-9209-8918,UOB,American Express
7540-9422-3296-9858,KTB,Visa
6872-4900-2543-3470,GSB,JCB
5010-8264-7492-6034,BBL,MasterCard
4876-9080-7040-9465,KBANK,UnionPay
9681-3507-8648-4862,KTB,American Express
3988-9919-6604-0572,GSB,JCB
7575-9334-6754-6771,TTB,Visa
3717-3373-7881-0387,KBANK,Visa
5949-6907-6403-8572,SCB,MasterCard
4441-3496-4871-0720,BBL,Visa
6796-8931-2707-1043,SCB,JCB
0306-8293-6140-0947,SCB,Visa
2543-6098-7870-3741,KTB,UnionPay
8949-6116-5137-3461,TTB,MasterCard
8447-1891-2918-8197,GSB,JCB
0238-6658-4578-9548,KBANK,American Express
9218-1326-1604-2625,SCB,American Express
2085-7318-2613-6642,GSB,UnionPay
8944-3790-6549-0809,KTB,UnionPay
3671-5910-1392-4958,BBL,JCB
2815-2075-0074-7458,SCB,American Express
8753-4363-1666-3932,BBL,JCB
8861-7796-2290-5033,GSB,UnionPay
5805-6994-8477-5603,KTB,American Express
2177-9041-6407-5470,KTB,UnionPay
5771-1603-9650-9860,KTB,MasterCard
1332-6821-4387-4327,UOB,American Express
4992-8020-9026-3481,KBANK,Visa
0385-6013-7928-0750,TTB,American Express
0427-9550-1388-6847,GSB,JCB
6731-3353-1545-4731,GSB,American Express
1966-0106-9194-9928,UOB,American Express
5683-6221-6989-2536,GSB,American Express
9067-6589-8680-0072,UOB,JCB
8670-7155-2346-2009,SCB,JCB
5691-9031-3584-2377,BBL,JCB
9274-5905-7380-7799,TMB,JCB
8643-0170-1182-7607,KTB,Visa
7139-3738-0258-3438,SCB,American Express
4676-7244-9482-3177,BBL,UnionPay
8405-6745-1176-9505,UOB,MasterCard
2096-2186-6822-0408,BBL,MasterCard
0197-9967-7590-1524,KTB,American Express
2563-5128-5693-4470,KTB,MasterCard
6720-3104-1203-6968,TTB,American Express
4062-6613-9487-4607,KBANK,UnionPay
3073-1035-3596-9518,TMB,Visa
2602-9687-5545-5838,SCB,American Express
4815-8366-8690-9109,GSB,MasterCard
5816-0438-4970-9921,TTB,MasterCard
6212-0219-9841-9560,TTB,UnionPay
8758-8426-8270-3927,TTB,American Express
2027-8798-4389-1460,SCB,JCB
8019-8326-8376-6835,TMB,Visa
5694-7571-4742-6455,KTB,UnionPay
7511-7538-5093-5619,TTB,UnionPay
4831-3537-6936-7584,TTB,Visa
7452-7241-2071-0751,KTB,MasterCard
6849-1036-3265-6709,SCB,JCB
7788-8566-8001-3851,UOB,UnionPay
2099-1451-7757-5104,TTB,American Express
6271-2747-3521-0143,TMB,MasterCard
2257-4510-5613-8322,UOB,American Express
3760-1026-1219-4569,TMB,MasterCard
5380-4943-2268-5326,KBANK,Visa
7123-0029-6233-0511,BBL,JCB
7674-1782-9361-9926,KBANK,Visa
3679-1765-2351-4589,UOB,JCB
3278-4398-9532-4617,TMB,MasterCard
1466-9814-7425-1138,GSB,JCB
9818-2588-4390-3601,TTB,MasterCard
3500-6032-4356-9422,GSB,Visa
5053-9385-2483-1442,TTB,MasterCard
3816-9155-6126-7806,BBL,JCB
6647-3837-0458-2083,TTB,UnionPay
7627-5851-1764-5212,KTB,MasterCard
1555-9058-9583-8068,KTB,American Express
4217-7406-9451-5574,TMB,Visa
2689-8621-4583-0841,BBL,American Express
2953-9479-9374-0372,KTB,Visa
9102-4826-6496-5102,TMB,JCB
8611-4995-3998-2126,TMB,American Express
6976-6738-8997-1263,GSB,MasterCard
8013-0892-7767-3023,TMB,Visa
1924-1583-9160-1595,BBL,UnionPay
4554-5496-9833-6553,KBANK,American Express
4820-0486-1564-8289,TTB,Visa
5914-6400-6270-5696,KTB,Visa
1657-0939-9153-1141,BBL,UnionPay
9477-7137-3428-5038,GSB,American Express
8583-7891-4511-1474,UOB,UnionPay
9176-8721-4458-3444,UOB,American Express
7587-4006-8717-4829,TTB,Visa
1399-2868-1027-6749,UOB,JCB
6044-2670-0159-3333,TMB,MasterCard
6065-7304-8138-4468,GSB,MasterCard
8964-4731-8726-6186,SCB,American Express
4898-6491-5693-6160,KTB,JCB
7812-3688-5245-1622,UOB,UnionPay
8695-1548-3827-2850,SCB,UnionPay
4657-8430-0746-4878,BBL,JCB
3401-8474-8548-2654,TTB,MasterCard
9718-4859-0657-1868,KBANK,UnionPay
4153-8696-1226-2053,UOB,Visa
3431-5251-8239-9847,KTB,Visa
4108-6787-2199-5024,UOB,MasterCard
7920-6610-7992-1681,UOB,MasterCard
3111-4945-9569-5178,TTB,JCB
8875-7062-7227-0284,BBL,American Express
8296-7286-6992-5220,TTB,UnionPay
8691-2385-3201-9696,KTB,American Express
3871-2281-6552-3075,KTB,UnionPay
5695-1131-4544-3933,BBL,UnionPay
3673-3803-5641-1011,UOB,UnionPay
4304-5051-0377-9586,KBANK,JCB
4476-9907-4374-2415,KTB,JCB
0303-9049-3483-4644,SCB,Visa
2601-2307-0424-7653,SCB,American Express
8961-9466-5301-7668,KBANK,Visa
4735-6316-7454-6417,KTB,UnionPay
0876-5397-3002-8539,SCB,MasterCard
7245-3640-9586-9649,BBL,MasterCard
3889-7856-9099-8017,UOB,American Express
5413-7833-8940-5789,KBANK,American Express
9128-3186-8392-1534,KBANK,American Express
5115-7583-5830-7948,KBANK,American Express
9577-3774-1799-8257,GSB,American Express
1571-8060-9580-4405,GSB,MasterCard
2108-4189-8754-5592,TMB,UnionPay
0860-2120-8626-1348,KTB,Visa
2417-7317-2576-5317,TMB,UnionPay
1084-2974-1461-1263,UOB,American Express
0348-9386-8652-7847,TMB,UnionPay
5912-9677-1792-3538,BBL,Visa
8964-6172-6994-3631,TMB,JCB
1170-9601-6830-6047,KBANK,Visa
1845-1664-8028-5113,GSB,MasterCard
1967-9063-8384-4226,TMB,Visa
6247-5449-0496-5953,BBL,American Express
0548-5709-3039-8947,TTB,American Express
7773-1282-6147-8266,TMB,American Express
7083-3151-5909-4224,GSB,JCB
4551-7599-0593-9439,UOB,MasterCard
3330-9601-3592-6744,KTB,UnionPay
9222-7602-8987-9674,TTB,Visa
5265-9623-1044-3448,KBANK,UnionPay
8317-8217-8930-7923,UOB,Visa
0653-5540-5293-7016,TMB,MasterCard
1460-8455-0834-1612,KTB,Visa
8926-6787-9405-7656,SCB,JCB
9640-2041-5333-8583,BBL,MasterCard
3354-9391-2925-9160,KTB,American Express
6047-6042-6903-1476,KTB,American Express
6353-8887-9949-9132,KTB,JCB
2236-8865-4895-6268,SCB,UnionPay
5518-3376-5750-7356,TTB,MasterCard
4787-3767-0536-2387,KTB,UnionPay
8067-4485-6947-1555,GSB,JCB
4621-8136-7605-1887,TMB,MasterCard
7533-4278-0544-4991,KBANK,American Express
7279-6828-1956-9879,TMB,Visa
6066-3325-5841-0178,TTB,American Express
5995-8945-3278-6180,UOB,Visa
3900-6845-6174-0043,UOB,MasterCard
7390-0520-5725-0050,KTB,UnionPay
4437-4917-8547-0547,BBL,JCB
3531-1225-2694-1091,UOB,JCB
3043-5711-0302-5088,KTB,JCB
5305-9521-4732-9716,KBANK,Visa
5714-6777-9692-1908,TMB,MasterCard
3127-8592-1788-2376,KTB,American Express
0829-1936-3652-8529,KBANK,JCB
4571-7687-1931-0124,UOB,UnionPay
9561-5578-4336-0259,SCB,UnionPay
1666-3402-6313-7949,BBL,Visa
0159-9382-7254-8089,BBL,JCB
1847-0703-5496-9160,BBL,UnionPay
0416-1489-1415-4850,BBL,American Express
0138-3932-4064-7597,SCB,UnionPay
9899-7742-1275-2187,KBANK,MasterCard
8680-9638-8212-2526,BBL,American Express
4494-6903-3213-8928,BBL,American Express
1577-4317-2541-8682,KBANK,American Express
0515-6958-2307-8439,KTB,JCB
4515-9734-5503-7662,TMB,American Express
3711-2171-4831-9542,KTB,UnionPay
6523-0889-9907-3492,TTB,MasterCard
0253-6791-0136-6718,KBANK,Visa
1925-6378-2416-8570,KBANK,JCB
8376-3972-0411-2539,KTB,UnionPay
3687-9282-3558-6026,SCB,MasterCard
3857-8227-3227-3216,TTB,American Express
2284-6030-3229-6682,TTB,Visa
9623-6449-3546-4417,TTB,MasterCard
9630-9410-7748-6348,TTB,UnionPay
7071-1264-5793-1205,BBL,MasterCard
4548-0713-1369-7020,KTB,American Express
5808-0016-5330-7907,TMB,American Express
6301-2987-1230-8776,TTB,Visa
3853-5972-5989-3425,BBL,JCB
4942-5353-6283-7722,UOB,UnionPay
1690-1450-5554-4211,GSB,JCB
9459-4166-6584-3470,KBANK,Visa
8279-5711-8110-4734,SCB,JCB
7468-2760-7011-9670,KBANK,American Express
1643-4152-9165-6737,BBL,JCB
3213-2151-4277-4200,TTB,MasterCard
6262-4596-3707-6467,TTB,JCB
4873-4434-9296-4142,SCB,UnionPay
6446-0361-8347-4970,KTB,UnionPay
5266-3664-1628-0358,KBANK,MasterCard
1676-0107-8292-3497,TTB,JCB
1501-0238-2864-1920,KBANK,American Express
3172-2576-8288-5230,SCB,UnionPay
2089-1666-2013-4691,UOB,American Express
1224-4234-9056-8384,KTB,JCB
8980-3650-5418-9002,KBANK,American Express
3790-2792-6225-6865,TTB,JCB
6241-6939-8698-8126,UOB,Visa
1402-1421-3597-8801,KBANK,JCB
5679-5298-3581-3642,UOB,Visa
4296-0987-9676-2129,SCB,American Express
1038-3095-8445-6531,BBL,MasterCard
7880-2618-3957-1100,TMB,Visa
4284-3968-5052-8661,BBL,JCB
8916-7192-4736-4820,TTB,American Express
2555-1486-4418-9153,KBANK,UnionPay
3893-9098-5290-1324,BBL,UnionPay
1588-9848-7610-8176,BBL,MasterCard
6634-7847-1598-9408,SCB,JCB
3503-4108-8431-2902,GSB,JCB
5723-5875-9265-8355,BBL,American Express
8641-2070-7281-7683,TMB,American Express
3053-6804-8181-3292,SCB,MasterCard
7620-3360-7773-5365,TTB,JCB
7404-6107-1426-5013,TMB,American Express
2996-5199-1109-7612,KBANK,MasterCard
1161-8388-7257-3272,KBANK,MasterCard
9254-6542-8613-3306,BBL,UnionPay
0949-9886-7178-4923,TTB,Visa
7171-7043-3876-8956,UOB,JCB
9810-2959-9073-6228,TTB,MasterCard
8625-7401-8020-9563,TTB,UnionPay
2608-0052-3249-1945,SCB,JCB
7922-9600-1422-9728,UOB,Visa
2603-9851-1800-9172,GSB,Visa
8589-2022-8119-5194,KTB,UnionPay
1580-6419-9727-3347,UOB,UnionPay
7949-1423-7472-3994,KTB,Visa
6466-9399-6864-4216,SCB,Visa
1701-7711-7383-6784,TMB,UnionPay
5154-7888-5043-8756,TTB,American Express
4006-1959-0577-4409,KBANK,MasterCard
4291-3900-3535-6437,TTB,JCB
2399-2732-8150-8644,BBL,JCB
9212-5829-2212-0563,SCB,American Express
3150-7787-2350-8426,TMB,MasterCard
7753-8469-1312-1477,BBL,JCB
6048-2973-1343-4813,KTB,Visa
3731-0202-2076-7709,UOB,UnionPay
8178-5655-6803-2818,SCB,Visa
0195-8566-9779-0481,TMB,MasterCard
1742-7504-0058-2797,UOB,Visa
4502-7627-6011-1789,GSB,JCB
7832-0771-1332-6703,UOB,Visa
4021-0143-0082-0502,KBANK,American Express
8926-3339-8148-3142,KTB,UnionPay
0851-9466-9537-1946,KTB,JCB
1344-4077-5654-5897,BBL,Visa
5263-3224-7833-9544,BBL,MasterCard
6596-6243-8348-0788,TTB,JCB
6300-7547-5512-8121,SCB,Visa
1148-0068-1381-0869,UOB,Visa
2471-8171-8702-6649,TMB,American Express
1085-2362-7984-3277,TTB,Visa
3301-2538-4682-5348,KBANK,JCB
4228-6796-7145-6141,BBL,MasterCard
3722-4736-1416-1229,UOB,Visa
9502-8506-4302-1810,GSB,MasterCard
3819-1417-6467-9161,TTB,Visa
6691-0737-0920-5055,GSB,UnionPay
0680-4270-6475-6896,TTB,Visa
2015-1640-1755-6689,KTB,JCB
8679-3276-6800-5902,TMB,American Express
4041-3559-6947-9528,KBANK,American Express
3337-7997-7106-5679,UOB,UnionPay
2526-5587-4557-1129,TMB,American Express
6311-9046-6447-9136,KBANK,MasterCard
3315-1125-6030-3619,GSB,JCB
5311-5725-9013-8040,KBANK,MasterCard
3069-0121-2570-2980,BBL,MasterCard
9492-9275-3296-4870,KBANK,MasterCard
9154-4369-9246-2523,TMB,MasterCard
0899-2453-9708-5204,KBANK,JCB
3520-8408-3093-0952,TTB,American Express
6549-3338-8545-3682,GSB,American Express
2715-6584-3918-7700,BBL,UnionPay
0625-8696-8466-5196,UOB,Visa
7264-5016-7356-9467,UOB,MasterCard
5700-3483-6114-6062,SCB,MasterCard
9335-5885-1822-9033,KTB,UnionPay
0983-5533-2415-1686,TTB,MasterCard
1970-3159-0702-0451,UOB,MasterCard
7536-6438-0976-1389,KBANK,MasterCard
2436-0460-1511-1801,BBL,Visa
5913-1744-5146-4050,UOB,JCB
1864-0808-3839-7812,GSB,American Express
7117-5312-3797-6774,TMB,JCB
1424-9488-2923-1107,TTB,MasterCard
7836-3535-2103-6273,KBANK,Visa
8338-1552-8238-3230,BBL,American Express
7270-1601-5210-1281,BBL,Visa
6657-3533-5509-0773,TTB,American Express
4950-9304-8438-1094,TMB,JCB
1749-9265-8134-9990,TTB,UnionPay
1123-1876-8474-7381,TMB,JCB
5609-4471-1974-4436,BBL,MasterCard
9811-7765-6222-9557,TTB,MasterCard
1689-1046-9772-9344,UOB,MasterCard
8974-5751-3478-8362,KBANK,UnionPay
1984-2043-8716-3466,KBANK,MasterCard
3442-3699-5866-7367,SCB,MasterCard
5444-5843-1725-6588,BBL,MasterCard
7101-4706-3575-5318,KBANK,UnionPay
1526-9170-9262-5731,UOB,UnionPay
3139-3788-7457-6191,KTB,American Express
3099-6030-4987-6564,KBANK,UnionPay
4402-6704-4216-0865,KTB,UnionPay
3892-0978-0811-1817,KBANK,Visa
1625-8439-6426-4867,KBANK,American Express
4001-4694-8750-3041,TMB,American Express
3848-6236-4828-3062,SCB,JCB
9063-6362-0330-9088,UOB,Visa
2657-4386-8572-5532,TMB,Visa
9373-0487-2277-2424,BBL,American Express
6827-8386-0252-3947,BBL,American Express
5140-3066-5267-3156,SCB,American Express
2282-2695-8664-5933,UOB,American Express
9367-2349-3534-6350,BBL,Visa
5738-8712-6898-0734,KTB,Visa
3861-9391-7808-3946,KBANK,UnionPay
8481-6599-9811-4023,TTB,American Express
0969-6982-2241-1003,KTB,UnionPay
1248-8888-5723-9756,KTB,JCB
7431-2737-3807-1172,GSB,JCB
5630-8285-4429-7178,UOB,UnionPay
6946-0381-1438-1658,UOB,MasterCard
9959-3791-8327-5451,TTB,MasterCard
3988-1751-0066-7919,GSB,JCB
6887-5575-3315-0731,KBANK,American Express
1756-8758-5153-8804,UOB,MasterCard
5301-2042-0838-9800,GSB,Visa
5007-6162-3281-1760,KBANK,UnionPay
1179-1216-5546-1390,KBANK,Visa
8290-0073-9249-7958,KBANK,Visa
8353-8139-1802-2774,SCB,American Express
0646-5966-5446-5836,GSB,UnionPay
9118-9355-5688-5375,GSB,MasterCard
2014-6166-0889-4139,GSB,American Express
0423-3850-2016-2630,BBL,American Express
6810-3349-8615-4106,UOB,MasterCard
8240-6976-5129-2781,SCB,MasterCard
5645-5998-2045-8831,KBANK,UnionPay
1030-9240-9475-3959,SCB,JCB
7420-3415-1277-6444,KTB,UnionPay
8344-8584-3981-3812,TMB,JCB
2509-3611-0372-4830,SCB,American Express
2304-9258-9452-5758,KBANK,JCB
3725-9645-0445-5683,UOB,MasterCard
2149-2264-4264-1847,TTB,JCB
7042-5797-7156-8417,KTB,JCB
8545-8572-0919-1525,BBL,UnionPay
2699-7647-5196-5842,KBANK,UnionPay
1859-4335-7457-0260,GSB,JCB
9211-3374-8030-8484,SCB,UnionPay
5684-9575-2345-7274,UOB,JCB
5416-1798-6283-7024,UOB,MasterCard
0299-5966-2495-4116,SCB,Visa
6661-5870-1605-8623,KBANK,American Express
6927-3369-4021-3410,BBL,UnionPay
1253-5888-2946-3878,UOB,UnionPay
9523-0483-7177-2505,KBANK,American Express
6076-5432-9843-7363,BBL,Visa
0191-2876-2116-7736,TTB,MasterCard
7363-9798-2937-4042,GSB,UnionPay
5342-5218-3504-5527,TTB,UnionPay
5159-8614-8850-9751,TMB,Visa
1478-0925-5718-4040,TTB,MasterCard
3554-8025-1163-4574,KBANK,MasterCard
1853-6525-4021-4362,GSB,JCB
2044-6395-7849-0309,BBL,American Express
2365-8425-5452-2861,KBANK,UnionPay
4892-8936-3913-7366,KBANK,UnionPay
9622-1393-7975-8374,KBANK,American Express
5038-2896-4776-8279,BBL,Visa
3527-0317-7428-3415,KBANK,American Express
0158-6126-9685-4544,TMB,UnionPay
0186-0378-3579-8728,GSB,MasterCard
4162-4869-4649-3380,KBANK,JCB
0539-7900-9174-8104,GSB,UnionPay
