Debit_Card_Num,Debit_Bank_Name,Debit_Card_type
4218-6361-6001-7572,SCB,MasterCard
9907-2052-8330-3533,TMB,American Express
2851-2948-6751-5006,BBL,Visa
7099-8364-7212-0616,KBANK,JCB
7716-4795-5935-4279,KTB,Visa
4478-4148-4132-3408,KBANK,JCB
9490-3027-3267-8466,GSB,JCB
3556-6681-4602-8599,TTB,JCB
1074-8054-7569-6410,KBANK,Visa
3258-4653-9116-8291,GSB,Visa
7297-3617-9633-5956,KBANK,JCB
9584-2202-2608-8251,KBANK,JCB
0369-4633-6350-4999,UOB,UnionPay
7179-4531-2764-7439,KTB,Visa
7662-5258-0668-3355,KBANK,JCB
9726-6548-1156-6262,SCB,MasterCard
1270-3449-6841-7126,TMB,Visa
4233-6762-8393-3535,BBL,MasterCard
3648-1822-8280-9459,BBL,MasterCard
3489-5059-3741-3908,UOB,MasterCard
1415-0111-6289-5576,BBL,JCB
6243-6850-8498-9865,TMB,American Express
3795-2966-7288-2554,KBANK,UnionPay
8774-9351-2657-8034,KTB,Visa
0186-4798-6125-0973,BBL,JCB
7207-0962-1440-6592,UOB,UnionPay
7970-7234-2654-5208,TMB,Visa
6764-2233-5438-1495,TMB,Visa
3080-9425-7185-9554,UOB,UnionPay
6187-0158-0069-5527,SCB,JCB
3190-2716-4326-5087,UOB,Visa
3927-8593-5499-0816,SCB,JCB
0534-5417-0274-8960,TMB,American Express
7926-7190-7221-8781,KBANK,JCB
5583-9360-3285-3861,BBL,MasterCard
4921-6611-3621-1082,KBANK,Visa
4991-9485-1645-9227,KTB,UnionPay
7675-1767-1561-3351,TTB,UnionPay
3681-9750-7063-7212,GSB,MasterCard
2455-4254-0648-4614,UOB,MasterCard
3299-6149-0217-7986,SCB,American Express
4661-7466-6969-1094,TMB,MasterCard
7587-2108-4076-4330,TMB,MasterCard
1014-3584-2807-5713,GSB,MasterCard
0126-3139-8863-7618,SCB,American Express
1618-1671-8546-1533,SCB,JCB
9292-9130-4198-9487,TTB,JCB
4593-3821-0833-8794,BBL,Visa
0563-6168-3395-0923,SCB,MasterCard
3210-8519-5423-2563,KTB,UnionPay
2548-3058-1325-8038,BBL,American Express
0838-6723-6567-6081,SCB,JCB
2520-3997-0463-5500,UOB,Visa
1462-4574-0574-4353,TMB,UnionPay
2117-4313-2122-7782,KTB,UnionPay
6431-2536-6318-4788,BBL,UnionPay
7256-7580-0054-0933,KTB,Visa
4208-2351-7245-0745,TTB,JCB
0910-5691-0836-4538,KBANK,JCB
5832-9919-0574-0909,TMB,MasterCard
5523-3371-0016-0966,GSB,Visa
0769-7690-6287-2206,KBANK,JCB
7167-6563-0784-0133,KBANK,JCB
6736-7492-4893-7808,GSB,Visa
2490-6508-2017-5512,KBANK,American Express
0847-0773-3982-2582,KBANK,JCB
8263-9802-2220-4749,KBANK,UnionPay
0911-6488-5657-8028,KTB,MasterCard
7326-7913-0843-7419,TTB,MasterCard
8549-5304-4870-4518,UOB,American Express
1319-5239-7128-3635,TTB,American Express
9791-6328-0736-3573,SCB,JCB
9011-0536-7734-1268,SCB,American Express
5268-8571-8284-6998,TTB,JCB
7596-9606-2352-0143,KBANK,UnionPay
1260-3330-3855-5455,TMB,American Express
0458-8995-0153-0850,UOB,MasterCard
5436-6078-1762-2081,KTB,JCB
8989-7592-0964-3887,SCB,American Express
1780-5888-9657-3363,KTB,Visa
1837-5150-7358-9961,KTB,MasterCard
6306-4423-4601-6239,BBL,UnionPay
0128-0654-3453-6550,GSB,Visa
5451-5548-9314-8784,KBANK,JCB
0515-6572-3849-9032,UOB,MasterCard
9509-5887-5173-9008,TMB,American Express
2748-1940-2688-4361,UOB,American Express
1971-2452-0727-2247,KBANK,JCB
1101-1657-9976-4765,TTB,Visa
9293-1054-6238-8257,TTB,JCB
2880-1301-5085-0281,TMB,American Express
6639-6832-8737-0334,SCB,JCB
3232-5864-9941-8950,UOB,Visa
4679-4227-7267-4872,UOB,American Express
3949-3191-6571-7925,UOB,MasterCard
3290-3533-8560-1421,GSB,Visa
8705-8852-3072-0680,BBL,Visa
2614-2588-5178-2058,SCB,JCB
8351-6016-6173-9808,TMB,MasterCard
0001-8260-6205-0620,BBL,JCB
7510-7147-4273-0978,TTB,Visa
9384-6612-1081-9217,SCB,American Express
6193-9946-6946-3096,KTB,UnionPay
5508-7601-3227-9484,UOB,Visa
5072-9333-4000-9139,TTB,American Express
0478-4838-5162-8403,KBANK,Visa
0418-7475-5281-0632,KTB,MasterCard
8417-1572-3869-9083,BBL,Visa
5172-9788-9867-5897,TMB,UnionPay
8454-2282-3985-4746,KTB,UnionPay
8514-6028-3493-6096,TMB,JCB
8721-1475-7393-3672,KTB,Visa
4751-1581-8034-2118,KBANK,Visa
4204-5915-9188-0342,GSB,American Express
7662-3184-3804-9905,BBL,Visa
5471-5735-2124-3446,KTB,UnionPay
8228-4856-7723-2633,TTB,Visa
6915-1415-3016-3328,SCB,UnionPay
2079-9454-4027-6634,SCB,American Express
5064-9709-3606-8138,BBL,Visa
4822-9242-0357-9663,KTB,UnionPay
3196-7676-2580-0829,KBANK,JCB
8717-1100-2070-2666,BBL,UnionPay
2036-0001-1464-0731,UOB,JCB
1874-2708-9708-0757,KTB,American Express
8933-6153-2102-4929,KBANK,Visa
3047-8391-2265-1943,GSB,Visa
5144-3511-7804-7116,UOB,MasterCard
4058-6912-3970-3955,TTB,MasterCard
3387-2927-6284-8306,GSB,MasterCard
4741-3844-9403-0109,KTB,UnionPay
4002-8507-4399-4857,GSB,JCB
6960-3659-6153-1492,SCB,MasterCard
6748-1284-6704-7917,KTB,JCB
0671-2052-3552-9076,KTB,Visa
5918-6995-8484-3805,KBANK,MasterCard
6382-7892-2746-6668,TTB,UnionPay
6172-8487-3141-0242,TTB,Visa
6762-2104-3349-1957,GSB,JCB
7522-5437-5667-1012,UOB,Visa
5873-9980-1558-8891,KBANK,UnionPay
3312-9464-6809-2922,KBANK,Visa
7484-1084-2558-8106,SCB,Visa
5493-1878-2327-9824,BBL,MasterCard
9928-7950-8249-0076,UOB,Visa
8860-7808-4916-2641,TMB,UnionPay
2668-4336-1245-1217,BBL,American Express
7321-0618-0620-9905,KBANK,American Express
8445-5068-7559-2489,KBANK,MasterCard
7227-8512-5310-6692,TMB,American Express
6342-4920-3007-8541,GSB,MasterCard
2826-3651-2313-4606,KTB,American Express
7632-0763-6176-7844,TMB,JCB
7749-3885-6013-9595,GSB,UnionPay
6243-9580-3620-5184,KTB,MasterCard
8178-3122-7218-8424,TTB,MasterCard
2361-3820-5320-7598,TTB,Visa
5033-4529-0447-1847,BBL,MasterCard
3772-8349-2406-2393,SCB,Visa
7193-9321-7819-9463,KTB,JCB
6266-0294-7977-8094,TTB,Visa
4332-6820-1134-1649,SCB,American Express
3491-2483-6792-6181,TMB,JCB
6358-1766-3378-0093,TTB,Visa
3316-5749-2360-6375,UOB,JCB
2550-6454-2771-9746,GSB,UnionPay
0995-0754-7799-8524,BBL,American Express
6772-7557-8221-6822,GSB,MasterCard
6880-4731-1170-6258,GSB,UnionPay
5545-7943-1349-0590,SCB,UnionPay
7658-8791-6904-4514,UOB,Visa
3338-1098-7855-4000,SCB,American Express
5062-0345-6069-3103,SCB,UnionPay
1108-1198-2345-8764,GSB,UnionPay
5925-3432-8393-0415,TMB,Visa
0704-7828-9091-9326,UOB,JCB
2427-0041-0501-7906,GSB,JCB
3246-7090-3961-8598,TTB,UnionPay
7102-7571-2856-8610,KBANK,UnionPay
7231-1839-2475-9816,KBANK,JCB
6460-9375-5934-5150,GSB,JCB
8462-2920-9786-7144,SCB,UnionPay
9594-9821-2914-6438,TTB,American Express
9392-5612-9005-3016,SCB,American Express
8422-4737-7344-9110,SCB,JCB
4028-3396-4607-5881,SCB,MasterCard
3914-0295-3371-0646,TTB,MasterCard
7212-8008-2508-5824,KTB,American Express
8544-5172-9625-1178,TMB,American Express
3388-3122-5940-8133,KBANK,JCB
8749-7530-5754-3629,TMB,UnionPay
6788-0637-3632-4811,BBL,JCB
3335-2951-5973-7353,KTB,Visa
7522-1585-3001-5404,UOB,American Express
9597-1121-6191-3759,TTB,UnionPay
6757-8093-8549-7714,BBL,JCB
2514-1158-7235-8099,UOB,UnionPay
6230-7781-3749-6428,SCB,American Express
6346-5093-8123-5682,GSB,JCB
8583-3364-3031-4420,KTB,JCB
8755-3908-1706-0219,UOB,JCB
9566-5941-0159-5977,GSB,UnionPay
8389-9380-9823-3420,GSB,Visa
7509-3399-5235-2081,UOB,Visa
8761-2450-6137-8851,KBANK,American Express
8276-5908-5409-3848,TTB,Visa
4969-8119-4844-5284,SCB,American Express
8767-5593-4316-4335,BBL,MasterCard
0250-8718-5040-3307,KBANK,UnionPay
2153-2741-4781-9552,TMB,Visa
2815-2440-7355-5332,GSB,MasterCard
9514-9056-7593-6390,BBL,MasterCard
1381-1465-4466-7122,KBANK,UnionPay
6778-2686-6421-0591,KTB,UnionPay
5800-1861-3820-5416,SCB,MasterCard
5569-0546-6177-4623,SCB,UnionPay
8338-7555-4200-0258,KBANK,MasterCard
8437-7943-4025-5729,KTB,UnionPay
3445-8876-8763-0244,TTB,American Express
5965-9063-2411-4523,TTB,UnionPay
0411-0733-1325-3473,TMB,American Express
5402-3450-7415-6081,TTB,MasterCard
6785-8672-3832-7517,BBL,American Express
2719-4291-2799-6692,KBANK,UnionPay
8093-1878-3346-6739,BBL,Visa
5789-2826-1608-4437,SCB,JCB
5006-1715-0919-8770,TTB,American Express
3187-6651-8295-0635,SCB,Visa
0318-6490-5575-2442,GSB,JCB
5706-4448-6047-3727,KBANK,American Express
4235-4517-1563-3644,BBL,MasterCard
6804-7675-6576-7942,BBL,UnionPay
5263-1837-1904-2193,UOB,MasterCard
2210-7093-4026-2169,TMB,UnionPay
1317-9791-4682-8773,SCB,UnionPay
6578-4140-5789-2397,TTB,Visa
2182-5668-5992-4100,GSB,MasterCard
5679-7496-0991-0753,UOB,JCB
2532-2443-9267-4626,SCB,JCB
8443-8952-8907-7229,KBANK,JCB
7068-3997-9112-9580,TTB,JCB
3604-9637-8897-3821,TMB,JCB
6986-5462-2117-6745,TMB,MasterCard
1017-9791-7858-0470,UOB,UnionPay
4058-6862-0512-8376,KTB,MasterCard
1808-5929-7559-5052,UOB,American Express
4329-8727-3153-9294,UOB,American Express
0032-7611-0042-4351,SCB,UnionPay
9463-8513-6729-3386,KBANK,UnionPay
8863-4548-5879-2125,KTB,UnionPay
5910-7365-7944-6009,SCB,JCB
9496-3148-9903-6276,TMB,UnionPay
7364-3157-1471-0365,BBL,MasterCard
8018-2104-1811-7564,SCB,JCB
2198-0502-4363-3723,UOB,MasterCard
8153-4500-1868-8999,TMB,Visa
7717-7602-3069-6524,KTB,UnionPay
2070-1867-8487-0591,KTB,Visa
7975-9493-2860-6431,KBANK,MasterCard
0024-8894-7134-5958,KBANK,JCB
7711-0278-2555-8887,UOB,American Express
4227-1359-3269-2103,SCB,UnionPay
2031-3233-8155-9794,SCB,JCB
0889-8748-0933-0357,KTB,MasterCard
4555-5258-7608-8039,KTB,American Express
7006-4207-3371-2458,GSB,JCB
5177-3268-4597-9655,SCB,Visa
5903-5782-9409-2977,GSB,American Express
4026-7362-4488-7417,KBANK,JCB
2617-4824-9972-7069,KTB,MasterCard
4079-6264-1153-5774,TMB,JCB
3346-9576-0131-7585,SCB,MasterCard
7705-5698-5995-4807,TTB,JCB
8281-1603-8201-8873,TTB,Visa
0423-0956-8496-4823,KBANK,JCB
7105-5634-7207-1285,BBL,MasterCard
5834-3848-8649-3973,UOB,MasterCard
5152-7530-4346-8472,BBL,JCB
2190-4569-3431-0777,TTB,Visa
5433-5770-3116-5463,KTB,UnionPay
0628-8821-9666-0537,BBL,JCB
8614-1763-7357-5330,UOB,American Express
9625-6824-6503-8844,UOB,UnionPay
1691-7161-9807-6166,TMB,MasterCard
2694-9098-8607-1501,UOB,MasterCard
1024-0168-5433-5566,BBL,JCB
1724-5781-9178-5552,SCB,Visa
0559-6295-8121-5618,TTB,UnionPay
4460-2185-2232-9010,TTB,American Express
9115-3649-8224-8051,BBL,UnionPay
5288-5138-1799-9348,SCB,American Express
9720-6622-8870-9674,TMB,JCB
0075-2756-3932-9348,TTB,Visa
1930-2763-8437-5160,KTB,UnionPay
5551-9024-1134-0264,UOB,American Express
8416-4567-2469-8149,TMB,American Express
7094-6917-1402-0761,SCB,American Express
1907-0355-7911-4653,BBL,JCB
5008-7301-6884-4997,SCB,UnionPay
8812-5645-7581-9243,GSB,MasterCard
1756-6306-2733-7120,TMB,American Express
7235-3032-3317-9332,KTB,MasterCard
9506-7839-0931-9446,UOB,JCB
8175-3355-1345-8205,SCB,JCB
7050-5338-9695-3776,BBL,MasterCard
2840-3605-2361-3349,KBANK,JCB
6822-3137-6062-2916,UOB,UnionPay
9562-0544-5603-7305,TMB,American Express
8538-7374-7136-9636,UOB,American Express
8395-3119-1960-5926,KTB,MasterCard
1625-8193-3366-7217,GSB,MasterCard
0100-9162-4297-3394,SCB,UnionPay
7264-5389-2627-7562,UOB,JCB
7535-3616-5024-1707,GSB,UnionPay
4825-6121-6837-7811,GSB,Visa
9628-6881-2704-6027,BBL,Visa
8743-6101-2136-6696,SCB,MasterCard
5072-2136-5799-0985,UOB,JCB
5379-6609-6552-1074,UOB,Visa
0664-8242-3319-7526,BBL,MasterCard
7879-7379-4245-7217,BBL,American Express
0743-0724-6555-8117,SCB,JCB
8586-1414-8379-6943,KBANK,American Express
1319-8090-8198-7853,GSB,Visa
8563-7717-4075-9232,GSB,JCB
4028-2542-1454-9391,TTB,American Express
5591-0685-1662-6632,SCB,MasterCard
5208-8382-4768-1450,BBL,American Express
7878-9704-4753-9048,SCB,JCB
5957-3358-5803-6595,TMB,Visa
5497-6992-3517-3271,KTB,Visa
0281-8000-6762-6586,SCB,Visa
0011-0662-3256-8394,UOB,American Express
5313-7680-6345-7563,TMB,JCB
6613-0346-6746-0223,BBL,American Express
3220-0744-1148-7563,BBL,Visa
9310-1367-1273-3488,BBL,American Express
2317-7175-9852-8562,UOB,MasterCard
7466-9705-7631-6283,KBANK,JCB
0060-2194-2668-8763,GSB,Visa
9259-9975-0724-4352,UOB,JCB
6255-0077-5349-9117,UOB,MasterCard
1592-4412-4804-9112,BBL,American Express
4412-9322-9630-3549,TTB,JCB
1282-4415-0506-0022,SCB,UnionPay
2835-4527-5201-9494,KBANK,JCB
3281-1948-6091-8878,UOB,JCB
3222-3202-2193-1125,GSB,American Express
9325-2884-5956-8549,KBANK,Visa
1963-1995-6643-7389,KTB,MasterCard
8509-6507-2492-6702,TTB,UnionPay
7955-6852-9810-5302,GSB,JCB
9058-0489-9403-1473,TTB,American Express
4735-9052-1821-1673,KBANK,UnionPay
0342-3114-5699-2379,SCB,MasterCard
0910-8838-6467-5266,TTB,American Express
1607-9596-7674-0674,BBL,UnionPay
4431-1340-9776-6391,TTB,American Express
3910-9590-7619-2709,KTB,American Express
6750-9011-7028-3666,SCB,American Express
9880-9454-3170-3411,SCB,MasterCard
2412-4200-3064-2327,BBL,JCB
2836-1828-9877-4841,UOB,Visa
0033-9067-0445-4153,TTB,American Express
4479-9074-8560-0571,KBANK,American Express
3463-9498-9860-6690,GSB,Visa
6956-1320-5902-1194,TTB,American Express
6405-0107-1876-5239,GSB,MasterCard
2191-5423-6704-4125,UOB,UnionPay
6251-7750-7698-0529,UOB,American Express
5437-3125-8131-2260,TTB,MasterCard
5177-4710-4170-3070,KTB,American Express
7605-4319-5695-8872,TTB,JCB
8269-4651-1897-1410,SCB,UnionPay
6099-8996-1529-4231,SCB,Visa
0224-1745-6520-9174,SCB,MasterCard
0818-0395-5516-2047,BBL,JCB
5753-0365-1318-9636,BBL,UnionPay
4401-9078-7877-8739,UOB,Visa
6262-4474-0728-5005,UOB,UnionPay
3972-7448-3133-8894,TTB,UnionPay
2878-3223-6619-8889,GSB,Visa
1365-4336-1268-7265,TTB,Visa
5073-6443-6306-3187,UOB,American Express
4010-1281-6135-2643,KBANK,American Express
0115-4562-5714-9876,SCB,American Express
9221-2141-3457-5028,GSB,Visa
4025-8567-7458-1905,TTB,American Express
9097-7187-9943-0827,TTB,UnionPay
3096-8820-0229-4242,KTB,JCB
6063-9970-6587-2523,UOB,JCB
9320-9728-3446-0758,GSB,UnionPay
8073-7993-0192-4810,TTB,UnionPay
8440-4144-9241-0378,KTB,JCB
2178-1605-4882-4179,SCB,MasterCard
4243-3506-4831-2283,TTB,JCB
9793-8874-6857-4966,UOB,American Express
1060-3346-2221-7107,KTB,MasterCard
2292-1357-0792-2847,TMB,UnionPay
3992-2204-3757-1334,SCB,Visa
6024-1967-1732-8628,TMB,American Express
8415-6009-4450-4511,KTB,JCB
3866-1945-2414-5430,UOB,MasterCard
9845-3290-3517-7378,KBANK,American Express
2390-8934-5714-0346,TMB,UnionPay
0085-7647-8974-1141,BBL,American Express
3640-5647-9458-3925,GSB,Visa
2775-6459-3227-7554,TTB,Visa
5537-5565-1943-4810,KBANK,American Express
7622-8246-5471-9220,TTB,MasterCard
9480-6694-1344-4355,UOB,UnionPay
6559-0985-0945-4301,BBL,MasterCard
9408-9024-1307-8114,UOB,JCB
0851-6848-7485-5587,TMB,Visa
0959-9925-9829-8300,SCB,JCB
2594-6210-9279-6702,TTB,American Express
1951-8293-6188-2351,KBANK,Visa
3985-2144-7108-9058,GSB,American Express
8829-6648-3418-4984,BBL,Visa
1606-8563-0282-6818,SCB,MasterCard
4660-6362-7952-5256,SCB,MasterCard
6310-8185-2932-9873,UOB,Visa
3398-3218-5132-7159,KTB,MasterCard
0140-9837-1282-1748,TTB,JCB
5725-3137-0894-6056,BBL,Visa
2419-1510-3202-3549,TTB,American Express
8969-7723-1876-9796,SCB,UnionPay
8853-6495-8576-2305,KTB,MasterCard
5535-0696-8742-3841,UOB,Visa
9053-3366-0803-9242,BBL,MasterCard
2942-2988-1401-4463,SCB,MasterCard
5734-7738-3588-9003,TMB,JCB
1567-0710-3390-5002,BBL,UnionPay
0283-2076-1335-1032,TMB,American Express
9207-0985-8989-5871,KBANK,American Express
9939-6667-0047-8051,UOB,Visa
8569-7362-8775-0931,BBL,MasterCard
0475-8751-7597-6733,TTB,UnionPay
9826-2990-7850-0113,TMB,JCB
7190-6039-1671-7995,KBANK,JCB
5220-9873-2733-4498,BBL,JCB
2255-2817-3747-1427,TMB,JCB
8287-6057-7160-9391,KBANK,MasterCard
0940-6537-7201-5270,TMB,American Express
1689-0692-9049-3931,TTB,JCB
4835-9406-2542-5233,TMB,American Express
2190-6639-5727-9192,UOB,UnionPay
4720-5682-7521-3148,SCB,UnionPay
1240-8642-4775-5421,TMB,MasterCard
7395-9488-3519-2586,UOB,MasterCard
5761-0895-6829-1724,KTB,JCB
1673-7160-2764-0784,TTB,Visa
4988-0513-6265-7902,UOB,MasterCard
5186-5415-7351-9281,GSB,UnionPay
0335-4612-6491-3560,TMB,JCB
0286-8733-2248-3894,SCB,UnionPay
2447-4249-4661-6191,BBL,American Express
3316-7487-5524-0937,GSB,MasterCard
0606-8134-7506-3594,KBANK,American Express
8601-2384-0688-7712,KBANK,Visa
1559-5576-2098-9276,GSB,JCB
0637-7909-6861-5940,BBL,UnionPay
7557-6908-5849-6526,SCB,American Express
1828-8014-7083-8415,BBL,Visa
3726-0302-8597-5272,KBANK,UnionPay
9917-4353-8543-2936,KBANK,UnionPay
2484-0532-6952-0162,SCB,Visa
6625-0280-9261-1386,SCB,MasterCard
8550-4676-7964-7774,SCB,MasterCard
8931-7642-4061-7038,GSB,UnionPay
8453-4342-0984-1875,KTB,Visa
6728-3516-8148-7539,UOB,JCB
3222-0928-6136-5733,TTB,MasterCard
5372-7093-7160-0218,KTB,Visa
1314-3745-9707-3958,TMB,Visa
3895-9513-6806-9544,TMB,UnionPay
4717-1588-2312-5015,TMB,American Express
7266-0716-0372-3982,SCB,MasterCard
7075-6520-6265-2100,GSB,MasterCard
6418-8365-8462-9036,SCB,UnionPay
0759-9072-6374-3101,KTB,Visa
8360-1164-8642-8650,BBL,American Express
0109-2172-3963-9063,UOB,American Express
1577-0327-4908-9678,UOB,Visa
7351-0746-9192-4563,GSB,MasterCard
6168-7782-6060-9485,TMB,Visa
4107-7095-2081-5059,SCB,Visa
1961-7806-3281-9694,GSB,JCB
1915-0348-0321-0144,GSB,UnionPay
8932-2472-2991-9269,BBL,MasterCard
4689-0850-0651-6549,SCB,American Express
5402-5500-4752-9086,SCB,JCB
6402-1961-2000-8175,KTB,Visa
3451-9604-2537-6467,TMB,JCB
8526-9049-6474-4778,TMB,Visa
0675-9375-7231-7056,BBL,UnionPay
3219-1285-0949-6333,KTB,UnionPay
8789-3667-3034-9681,KTB,MasterCard
4914-0132-9966-5734,TTB,MasterCard
1935-7668-0611-2794,KTB,Visa
5205-7677-6039-5532,TMB,Visa
0321-6720-5494-2370,UOB,JCB
0274-0851-4954-9444,BBL,Visa
9682-3989-5871-5373,GSB,UnionPay
9461-1352-6243-1122,BBL,UnionPay
0150-1738-9876-9261,KTB,JCB
3199-1415-0176-3030,SCB,Visa
5378-5345-6108-6382,TTB,UnionPay
2354-3768-7352-9903,SCB,MasterCard
4940-4295-8124-0527,UOB,MasterCard
6481-5196-1068-9085,GSB,Visa
0842-1810-3201-2636,KBANK,MasterCard
3964-1878-5628-9715,KTB,MasterCard
7114-2247-0344-5150,TMB,UnionPay
8999-6026-8558-7849,BBL,American Express
0007-5143-2346-9501,TTB,MasterCard
4665-5934-4166-5044,GSB,American Express
8983-3641-5715-7155,KBANK,MasterCard
2523-9392-5476-0791,UOB,JCB
6387-0014-6161-6427,UOB,American Express
5757-9684-1570-1431,KTB,American Express
2684-5841-9854-1522,TMB,JCB
9632-5516-3652-5014,GSB,UnionPay
9586-6733-6297-5717,TMB,JCB
8073-6821-4968-9658,KBANK,Visa
8675-6021-8449-4137,TTB,JCB
6492-4601-8288-3134,SCB,Visa
5294-9845-5231-0242,UOB,American Express
2120-4306-4387-6492,GSB,MasterCard
4659-2705-8096-7187,BBL,MasterCard
9188-6104-6960-6745,GSB,JCB
2483-0549-2609-7928,BBL,American Express
9919-8574-1204-9369,SCB,American Express
1071-4670-9937-7958,TTB,American Express
1795-7429-6310-2095,SCB,JCB
1489-2273-1248-6779,UOB,UnionPay
2014-7554-4189-2261,TTB,JCB
7765-2508-3569-1173,TMB,JCB
2273-5254-6884-7408,UOB,JCB
0131-0866-8759-7541,KBANK,American Express
5803-4432-0864-6768,KBANK,JCB
6975-0385-2055-5442,SCB,MasterCard
2574-2121-8877-5141,KTB,MasterCard
0630-2678-5572-8437,UOB,JCB
5903-7786-4654-4353,TTB,Visa
9510-3338-6935-1406,TTB,American Express
5628-5899-1134-0357,KBANK,Visa
4198-4243-6913-8905,UOB,UnionPay
7253-4824-9493-9769,GSB,JCB
0956-3743-4764-2258,KBANK,UnionPay
2808-8270-1988-8513,GSB,Visa
1524-4483-0214-8443,KTB,Visa
2537-6441-4507-6438,KTB,UnionPay
7253-3298-9930-7662,SCB,MasterCard
9698-8764-4316-0565,KBANK,MasterCard
6768-3781-5534-7217,BBL,UnionPay
4633-0879-2209-4540,BBL,UnionPay
4056-6645-0044-9806,KTB,Visa
1778-8580-4414-1661,UOB,MasterCard
5451-5343-9990-8502,BBL,MasterCard
0366-7102-2027-7690,GSB,UnionPay
0476-9929-4679-3271,GSB,American Express
0933-8161-3696-8030,GSB,UnionPay
0829-6916-4511-3132,KBANK,UnionPay
4670-5405-7929-9232,SCB,UnionPay
2434-5062-5221-3733,TMB,Visa
8706-1648-5805-8328,KBANK,Visa
9799-3849-3440-6791,UOB,Visa
3755-7937-0865-8279,KTB,JCB
9233-4016-0244-6315,TTB,MasterCard
1031-4957-7175-8992,GSB,MasterCard
4272-1813-7742-7559,GSB,Visa
2429-0628-1618-1841,KTB,JCB
8750-3394-8995-9992,BBL,JCB
1793-2821-8786-5115,KBANK,UnionPay
5222-0131-3715-7225,TMB,American Express
1428-5539-8177-6001,KBANK,MasterCard
4967-3585-9835-5906,TTB,American Express
2783-6178-2218-7277,SCB,Visa
1888-7379-8797-4980,KBANK,American Express
6518-2134-2713-6843,TMB,Visa
6251-8764-6513-0878,BBL,Visa
2073-9535-5046-1001,KTB,American Express
6373-5331-4183-2481,TMB,MasterCard
1529-9066-6280-6483,KBANK,American Express
1710-9777-9670-9330,TTB,UnionPay
8629-7747-5877-9088,TMB,UnionPay
6072-2198-3794-9365,TTB,UnionPay
5678-5415-6973-9274,KTB,UnionPay
3040-9608-4697-4892,SCB,MasterCard
4010-5548-2514-6908,KBANK,Visa
5327-6080-3352-1273,TMB,Visa
6311-7153-0913-5724,KBANK,American Express
6419-6466-0419-8874,UOB,JCB
5626-3195-1510-8862,TTB,American Express
8001-0655-1089-3595,KTB,MasterCard
1817-9189-8938-4853,KTB,Visa
1344-6831-6690-7645,KTB,Visa
6930-9313-2906-0886,KTB,MasterCard
2076-9521-8124-4928,TTB,American Express
8983-4060-3263-9590,SCB,JCB
7620-6992-3908-4332,TMB,Visa
7362-7527-9319-5891,KBANK,American Express
8253-0713-9129-2505,TMB,American Express
1332-7003-2253-0059,KTB,American Express
8901-2929-7003-1696,TMB,MasterCard
3680-5818-3435-1906,GSB,MasterCard
5026-3125-4684-4389,UOB,American Express
1621-3265-5707-3021,BBL,MasterCard
3541-7355-7654-2071,BBL,MasterCard
9521-0707-9680-8558,UOB,MasterCard
2581-3522-3533-5431,KTB,JCB
9639-2122-6722-4531,UOB,MasterCard
3845-2897-8029-0216,KTB,American Express
3523-0148-7261-1441,TTB,UnionPay
6134-2487-2531-2900,TTB,Visa
7125-5234-7529-9032,GSB,UnionPay
1491-6136-6818-8361,KTB,American Express
3316-6021-3711-9037,KBANK,American Express
3585-1453-3705-6046,TTB,UnionPay
0405-4837-8678-6012,KTB,American Express
5530-3952-7208-9677,TMB,Visa
7548-2310-2545-6608,BBL,JCB
3153-1684-5591-7650,BBL,MasterCard
5020-4206-1250-4725,TMB,JCB
1007-6276-2205-6384,KBANK,JCB
6794-4729-0724-7595,TTB,MasterCard
8943-1787-8331-7816,TTB,JCB
2953-0989-0905-8854,KTB,Visa
5365-1900-9266-0339,BBL,American Express
0435-7684-1267-9382,TMB,UnionPay
2031-7444-6375-8004,KBANK,Visa
7554-9637-9566-4113,SCB,American Express
3716-1487-8636-7680,BBL,Visa
5758-9268-0287-8835,KBANK,JCB
7474-1680-7463-8646,KBANK,UnionPay
5191-7790-9697-9176,TTB,American Express
1708-3393-8882-6868,TTB,Visa
7302-7302-7093-6958,KBANK,Visa
2015-1981-1086-5848,TTB,MasterCard
7037-2604-8381-7657,TMB,JCB
3347-4696-7836-6075,TMB,MasterCard
7560-1322-0060-3282,KBANK,American Express
9327-5839-0044-3139,UOB,Visa
8422-1698-6078-9241,TMB,JCB
1539-9854-7589-8601,KTB,JCB
2972-2821-1071-7261,UOB,JCB
9589-0846-6577-8377,TTB,American Express
5387-2688-5347-6298,TMB,Visa
6413-4018-8115-8697,BBL,JCB
6034-4393-5496-6329,BBL,American Express
3647-3622-8785-3807,BBL,UnionPay
3503-2662-9714-3747,KBANK,UnionPay
8934-9267-0107-1960,KBANK,Visa
0699-2183-6828-6089,UOB,Visa
3131-0087-5809-4821,SCB,UnionPay
9277-2152-5435-9228,GSB,UnionPay
0479-4969-3010-2427,GSB,MasterCard
1007-6636-1955-3206,BBL,American Express
9911-6045-7990-2726,KBANK,MasterCard
3299-3881-1955-8683,BBL,UnionPay
5831-4448-7422-5177,KTB,JCB
1424-7767-8459-0659,KBANK,American Express
8810-4136-4640-6371,KTB,UnionPay
3830-5246-2455-2294,SCB,Visa
4876-9078-7593-9592,SCB,MasterCard
1224-1209-8030-0207,TMB,UnionPay
9381-8291-7481-9931,UOB,JCB
2025-0074-2212-9848,KBANK,JCB
6254-8924-1382-9047,GSB,UnionPay
8437-7260-6440-4864,GSB,Visa
4732-7928-5212-3028,UOB,Visa
7018-3445-6558-4514,SCB,MasterCard
4255-7066-2591-9742,GSB,American Express
0819-0223-2929-0075,UOB,American Express
2985-7219-6656-3456,SCB,JCB
8866-5759-9460-5074,KTB,UnionPay
7473-3463-4863-0395,BBL,Visa
0675-0410-6425-7126,SCB,Visa
6230-5289-3670-4597,TMB,JCB
8153-4532-1493-6200,UOB,UnionPay
6108-0620-4925-9392,UOB,Visa
2143-4694-8954-5210,BBL,UnionPay
8834-9141-8403-9665,SCB,UnionPay
9756-4472-8705-3162,SCB,MasterCard
6295-3399-3493-3600,UOB,American Express
2328-5412-8789-6277,TTB,Visa
8275-3319-9794-4319,UOB,UnionPay
3488-7539-9146-5859,KBANK,Visa
0655-7733-5106-9316,UOB,MasterCard
8772-6521-5503-6927,KBANK,MasterCard
8969-3423-4004-4518,BBL,Visa
8259-1796-0072-9732,TMB,MasterCard
9549-8020-4701-4278,BBL,JCB
3559-4812-9826-4018,GSB,MasterCard
1175-6093-0515-3626,GSB,JCB
1381-0897-2994-6271,TMB,MasterCard
1668-7889-5570-6460,BBL,American Express
5800-4108-4229-4191,BBL,MasterCard
2198-9040-1800-2061,KBANK,MasterCard
1646-5186-5693-0765,UOB,UnionPay
6750-7473-9719-0069,SCB,MasterCard
6436-4242-4291-9195,KTB,JCB
2571-9798-4315-4488,SCB,American Express
0386-1931-2912-8184,GSB,American Express
4498-3271-1565-2088,TTB,American Express
4913-4058-1994-7661,KTB,Visa
9725-4037-2100-4132,BBL,JCB
1958-2949-6402-5396,SCB,MasterCard
9601-3102-1694-2646,UOB,JCB
1351-9944-4785-2550,SCB,American Express
5099-9880-7863-1167,TTB,Visa
3312-6843-5494-0058,SCB,American Express
4120-7151-9393-4026,TMB,American Express
7551-1493-8753-8798,TTB,American Express
4394-3493-8125-3287,TTB,JCB
3008-2234-9248-3115,TTB,MasterCard
9853-0044-4360-6415,SCB,Visa
0873-2372-4969-1977,GSB,American Express
6141-8020-6158-2063,BBL,Visa
1880-2128-7931-5921,SCB,JCB
9304-5201-3794-9463,BBL,MasterCard
9904-5641-0998-2271,BBL,American Express
6155-4018-9148-4542,BBL,UnionPay
4293-7021-2530-6781,KBANK,JCB
3844-7950-7320-2089,BBL,MasterCard
2185-4616-8338-6679,UOB,Visa
1095-9462-5676-1836,KBANK,UnionPay
6914-4815-4481-3946,KBANK,MasterCard
6692-0332-4230-6224,BBL,JCB
2400-5722-6863-1442,TMB,UnionPay
4020-6005-4875-1892,GSB,Visa
9698-7103-6873-7085,KBANK,Visa
2340-0454-2630-2657,KBANK,MasterCard
2286-2355-1601-6947,BBL,JCB
7937-1830-7085-1265,UOB,MasterCard
6628-2858-0721-6591,SCB,UnionPay
9900-4975-4034-9359,BBL,UnionPay
2318-0043-0568-3169,TMB,JCB
5412-6576-5425-4751,TMB,UnionPay
7877-0666-3910-6934,GSB,MasterCard
8615-1873-5613-9683,KTB,MasterCard
0178-1076-1939-0277,KTB,Visa
4880-1353-3745-5128,KTB,American Express
1879-7548-6771-6807,KBANK,JCB
6812-4444-1228-2771,UOB,MasterCard
4339-5868-0581-5574,KTB,Visa
0989-5949-0721-4484,KBANK,American Express
5810-0499-4368-4799,TTB,JCB
5749-4253-3206-7187,SCB,Visa
9294-8065-7675-7542,KTB,American Express
5566-2084-1589-5777,KTB,MasterCard
0369-4108-4740-7849,BBL,MasterCard
9485-7265-1967-1262,KTB,JCB
3947-5325-3690-4706,SCB,MasterCard
6397-7299-6857-0776,TMB,JCB
7503-1745-0108-6345,KTB,UnionPay
4184-1436-5318-0762,TTB,UnionPay
3751-9643-8394-0676,BBL,JCB
6147-3602-5390-3267,BBL,JCB
8896-8617-4235-6965,TTB,Visa
0278-2603-2124-9309,TMB,MasterCard
4725-7048-1352-1440,KBANK,American Express
4804-6265-9152-6178,KTB,JCB
4292-7254-3799-4599,KTB,JCB
6671-4227-7177-2893,GSB,MasterCard
9712-8526-0727-6901,SCB,American Express
8152-5172-4228-5184,SCB,Visa
8800-8792-2752-9349,UOB,JCB
5004-0276-8016-8065,TMB,American Express
9418-2739-3082-1611,GSB,Visa
4835-6506-4980-7416,TMB,American Express
4257-0306-4863-0417,KBANK,American Express
5145-1639-9891-2618,TMB,American Express
2397-2465-7815-2628,GSB,Visa
4903-6314-3958-3319,BBL,UnionPay
6239-5649-5221-5629,UOB,American Express
6045-5409-7548-3840,KTB,MasterCard
4404-3902-7479-8069,BBL,UnionPay
3226-2625-6313-7835,GSB,Visa
9162-9501-0494-3115,TTB,Visa
0491-6069-5166-8631,GSB,UnionPay
2908-7922-4985-6108,GSB,JCB
7413-9603-6204-2746,KBANK,MasterCard
2637-7800-0204-7183,KTB,American Express
6619-8925-7788-4857,SCB,UnionPay
1890-5684-1037-7491,TMB,American Express
9631-6690-8705-8255,BBL,UnionPay
1531-3148-0472-3771,SCB,UnionPay
9915-6951-2698-3419,SCB,MasterCard
8224-1959-4491-9231,GSB,Visa
5601-0256-9079-5665,GSB,American Express
2451-9348-1174-3902,KTB,JCB
4461-0783-3359-6611,TMB,American Express
4076-7915-5137-7644,UOB,JCB
2096-7739-1051-9857,GSB,JCB
7474-4367-6573-8271,GSB,MasterCard
3999-2488-0142-9478,GSB,MasterCard
4482-4507-6405-1929,TMB,Visa
5796-6038-4022-3421,GSB,Visa
9671-5319-4764-1597,UOB,UnionPay
0132-7773-6720-9943,KBANK,JCB
7412-2586-3975-0030,KBANK,MasterCard
9856-1760-7365-0974,SCB,American Express
9634-9419-2499-8244,TTB,JCB
0248-0527-7586-7677,KTB,UnionPay
1870-3065-6942-0840,KTB,MasterCard
9538-0675-5638-0155,GSB,UnionPay
2961-6542-8499-7986,KTB,American Express
9047-5757-5800-6043,KBANK,UnionPay
0952-4244-6801-2966,SCB,American Express
0364-8586-3704-0886,TTB,JCB
7366-0524-6292-9542,GSB,Visa
0765-3275-0768-3510,GSB,UnionPay
1348-7688-5469-6140,GSB,UnionPay
2833-2287-6739-1898,KTB,American Express
1699-0292-0568-9558,KBANK,MasterCard
0263-6953-8523-0026,KBANK,American Express
9326-5526-2549-1768,UOB,Visa
2077-1954-9942-5135,GSB,MasterCard
0932-4664-6896-5466,KTB,MasterCard
3221-6935-4212-3360,SCB,MasterCard
1759-7835-9522-7553,KBANK,UnionPay
9677-7638-0144-1575,TMB,JCB
5763-4502-5232-1228,TTB,JCB
9792-5532-6900-5961,GSB,Visa
1977-1109-5187-4075,SCB,JCB
3182-7382-3356-4533,KTB,MasterCard
3395-9548-8814-5999,TMB,JCB
7264-1501-8048-9784,TMB,Visa
7989-5739-9184-5021,TMB,American Express
2514-1618-1052-8799,KBANK,JCB
6747-2233-8388-0914,SCB,MasterCard
3395-8373-3745-1865,KBANK,American Express
9601-3504-7323-8703,KBANK,American Express
5532-0873-0583-5503,GSB,JCB
2792-4957-4338-3955,TTB,Visa
0631-6776-6265-9705,GSB,JCB
9181-1325-5279-9110,TMB,American Express
2249-6218-5646-3201,KTB,JCB
2020-4888-3111-8004,UOB,American Express
2436-4703-5087-2256,KTB,JCB
6945-8511-6554-6579,TTB,Visa
9512-4636-1533-8012,TMB,JCB
7333-2711-1948-6305,KBANK,Visa
9518-1335-7023-1884,GSB,UnionPay
7348-6303-3609-3606,TMB,UnionPay
2201-4697-7521-1494,KBANK,American Express
1702-9788-6825-3779,UOB,Visa
9922-3888-7478-3568,TTB,Visa
1241-9657-4678-9446,SCB,Visa
6527-7610-9034-3657,SCB,UnionPay
2707-7557-9842-3629,TMB,JCB
6206-3683-2572-1554,TMB,MasterCard
1650-7764-9703-7981,KTB,American Express
7108-5198-4332-8444,GSB,UnionPay
5016-3373-3853-4460,GSB,MasterCard
2005-7510-2956-0114,UOB,MasterCard
1474-8742-8297-1567,KBANK,JCB
7220-7494-6309-4683,KTB,Visa
3965-2596-5606-5843,GSB,JCB
2040-9832-1016-2740,KBANK,Visa
0285-7287-7277-2412,SCB,JCB
7860-9445-8616-6244,KBANK,MasterCard
3170-0274-6751-5251,GSB,American Express
5815-3700-8566-5741,BBL,JCB
4775-3471-8283-6952,SCB,UnionPay
4972-1292-4968-0288,TTB,JCB
5337-6227-8595-4778,KBANK,UnionPay
7818-7600-0318-2229,TTB,UnionPay
1281-3135-7582-3345,TTB,MasterCard
2061-1955-7852-5930,SCB,American Express
8169-0558-2151-5835,TTB,Visa
1719-9205-6894-1387,TTB,JCB
4244-8550-1185-5115,SCB,American Express
9031-9082-6907-6278,SCB,UnionPay
8712-7251-9844-0297,TTB,JCB
0430-6967-0080-5932,UOB,Visa
4788-3115-1235-6592,GSB,Visa
1981-3575-0586-7832,BBL,MasterCard
6893-6614-4648-2410,TTB,JCB
7837-0767-4017-6941,KTB,UnionPay
6708-2808-2893-8587,TTB,MasterCard
6425-7178-9573-5019,KBANK,JCB
5716-9624-8997-3061,KBANK,JCB
6169-3792-6370-3343,SCB,UnionPay
3007-5674-3676-1911,TMB,American Express
1539-5679-3125-3343,UOB,Visa
1622-0915-8945-7726,TMB,Visa
9624-3720-7183-4944,UOB,JCB
5406-1782-9136-8388,KTB,Visa
1698-7832-9165-3103,UOB,JCB
2427-0604-3559-7364,KBANK,JCB
1602-2350-6543-3705,TTB,Visa
8031-2621-4914-2838,SCB,JCB
0612-1114-1596-9818,UOB,Visa
2448-3177-4600-7119,SCB,UnionPay
5316-1669-1053-4958,KTB,UnionPay
1881-9866-2290-7430,SCB,UnionPay
9887-1268-2300-6885,TTB,American Express
1234-3507-0796-8127,SCB,American Express
2310-3785-7426-1440,UOB,UnionPay
8607-6495-2261-2128,GSB,JCB
3834-6943-5037-5489,TMB,UnionPay
0394-8076-1292-0702,KBANK,JCB
5201-4343-2379-9204,KBANK,Visa
4440-2874-2631-0964,SCB,UnionPay
7024-7412-3182-0586,BBL,UnionPay
0066-9516-9660-6250,TTB,Visa
1859-6339-8551-3694,TMB,American Express
7619-6625-2357-0113,TTB,UnionPay
4437-7980-9536-2956,KTB,American Express
2207-5860-6459-7774,TMB,MasterCard
7936-7984-0800-7829,TTB,American Express
8690-1561-0630-9538,GSB,American Express
6808-2216-8810-6691,KBANK,Visa
8319-2386-3007-4246,BBL,JCB
3456-6895-8856-9044,TMB,American Express
7179-2190-0817-6123,TTB,UnionPay
1994-1338-9308-1701,SCB,UnionPay
0166-5230-1694-1768,KTB,American Express
2686-9403-6574-1576,SCB,MasterCard
4883-3841-6019-9596,UOB,American Express
7539-6554-2430-3412,UOB,UnionPay
5554-7093-5366-9880,KBANK,Visa
8791-4545-0625-8500,UOB,JCB
9740-4780-1446-1275,GSB,American Express
9454-2254-8027-8214,UOB,JCB
4448-2265-3201-1005,TMB,JCB
0138-5736-7838-5394,TMB,UnionPay
3507-6104-1326-2951,TTB,Visa
6625-3127-8230-5660,SCB,UnionPay
5767-4457-0057-1341,UOB,American Express
5930-2667-3977-2278,UOB,American Express
4872-0034-4086-4394,BBL,Visa
7116-5177-6848-2617,SCB,Visa
7295-0943-8466-4215,UOB,JCB
8754-7476-5139-6151,UOB,Visa
2754-7299-0142-4573,GSB,Visa
7649-3518-6441-4549,KBANK,Visa
3660-9556-3023-3042,KTB,JCB
3510-2606-6230-2278,BBL,Visa
4558-3639-7820-0750,KTB,UnionPay
0991-3729-5113-4623,KBANK,UnionPay
9701-9547-4997-1795,KBANK,UnionPay
4430-0792-3584-8302,KTB,MasterCard
7211-7775-6315-8864,KTB,MasterCard
7020-3693-0399-7606,SCB,American Express
3240-9528-7945-9237,GSB,UnionPay
6000-6951-2954-3957,KBANK,Visa
9940-5318-6823-2026,TTB,Visa
3367-0829-7204-3582,BBL,Visa
2936-3278-6961-8406,GSB,JCB
0488-2565-5263-5666,TTB,MasterCard
4837-2092-5641-7045,KBANK,American Express
5567-1260-4595-8912,BBL,Visa
6919-1418-7563-7560,UOB,JCB
8875-5107-1466-9896,UOB,Visa
6743-9526-4315-5339,GSB,MasterCard
5608-0159-0472-2480,KTB,American Express
6409-3391-4685-7930,KTB,MasterCard
6677-8473-7915-7150,BBL,UnionPay
4424-2658-3817-3139,SCB,American Express
4106-0674-8392-9337,TTB,Visa
0694-8220-5127-6249,KTB,JCB
3265-9418-1623-1449,TTB,American Express
4337-6612-1418-4006,KTB,MasterCard
9023-1983-0969-8489,SCB,UnionPay
7978-2534-8280-7549,KTB,JCB
4252-4990-4790-2910,KBANK,JCB
5488-2804-8265-7200,KBANK,Visa
8657-9852-1930-3239,KTB,Visa
3247-8950-5847-7357,SCB,American Express
8126-7777-5229-5153,BBL,JCB
2944-2222-0228-6256,KTB,JCB
6423-0585-1072-3746,KBANK,JCB
8578-8849-8611-1881,TTB,Visa
0512-9359-6692-8865,KTB,American Express
0127-3109-4334-9149,KBANK,JCB
6621-2275-6380-8548,UOB,MasterCard
8382-5404-9204-3842,GSB,Visa
7245-2442-2745-0635,GSB,American Express
4510-4147-6180-7607,SCB,Visa
8812-0553-5060-9187,UOB,MasterCard
8807-1306-3194-0349,SCB,American Express
4380-6789-6414-2518,KTB,MasterCard
9863-7130-0722-4717,KTB,Visa
4162-8431-1780-0515,KTB,JCB
9717-7220-9206-1538,KTB,UnionPay
1255-8720-0647-3633,KBANK,American Express
1566-3576-1005-4201,GSB,UnionPay
5647-8411-5322-0100,TTB,Visa
9646-7228-1148-7764,UOB,American Express
0065-6132-7674-1784,KTB,JCB
9491-6106-7993-2356,TTB,UnionPay
6166-9465-1141-7201,BBL,MasterCard
0035-7225-5233-9193,BBL,American Express
0026-5159-1112-5274,KBANK,MasterCard
8455-1980-3157-7209,UOB,UnionPay
4888-1498-0962-5887,UOB,Visa
2351-3173-6639-3738,SCB,MasterCard
8243-4564-0166-2086,TTB,Visa
2558-3990-3681-2282,BBL,UnionPay
3015-7989-0838-7942,TMB,American Express
8276-7710-5684-8247,BBL,American Express
3084-3133-9682-0603,BBL,American Express
3508-0591-9309-5422,GSB,MasterCard
5261-1375-9791-5712,BBL,American Express
1548-7918-5372-7353,GSB,UnionPay
9342-9881-5838-4556,UOB,UnionPay
5526-3693-4949-6407,GSB,JCB
7049-0704-0398-1769,SCB,Visa
3410-3693-7341-6392,GSB,American Express
7545-7688-0330-9982,TTB,JCB
3788-0255-2902-5349,KBANK,JCB
6953-1740-9276-7864,BBL,UnionPay
4992-5854-4568-2070,GSB,JCB
9563-3184-1269-7019,TMB,American Express
6365-7446-9659-2504,UOB,Visa
2446-6954-6922-0609,GSB,UnionPay
0576-3127-2467-3865,UOB,MasterCard
7729-7806-1655-8569,KTB,American Express
4681-7998-4639-7824,BBL,MasterCard
9702-7193-2094-1217,GSB,UnionPay
6833-4041-7527-4653,UOB,JCB
1644-1509-0525-1212,KBANK,American Express
9440-3726-2756-7072,BBL,UnionPay
7503-7141-8586-0137,KTB,Visa
1662-4462-8382-2020,TTB,UnionPay
4653-4600-8090-7474,KTB,MasterCard
9342-2483-7816-5675,BBL,American Express
5528-9016-5456-8296,UOB,JCB
1720-7328-0847-4062,SCB,American Express
3707-0295-5742-1021,KTB,Visa
2696-5728-4765-7152,KBANK,Visa
0286-4681-4544-1460,TTB,Visa
8180-8984-4859-8014,KTB,American Express
8900-3098-0103-3028,TMB,Visa
1375-2756-5850-4686,UOB,American Express
5367-6227-5488-6798,KTB,UnionPay
2939-6892-0044-0560,KBANK,UnionPay
6338-3824-3735-8035,KTB,Visa
1093-3250-6418-7527,GSB,MasterCard
6918-1811-2907-2420,KTB,UnionPay
0098-7849-1902-5864,SCB,JCB
6098-3081-3129-0999,TMB,JCB
3224-8727-0218-1792,UOB,JCB
8401-3797-4182-5611,KBANK,MasterCard
0688-2925-2237-6800,GSB,Visa
8003-3450-6956-0648,GSB,MasterCard
8247-9493-8758-8525,GSB,UnionPay
6796-3207-4801-4780,KBANK,Visa
6525-2197-1179-9058,BBL,JCB
3003-6275-1016-7843,KBANK,JCB
6887-4058-9917-3878,GSB,UnionPay
0426-0949-8243-0855,BBL,Visa
9107-0315-5582-2195,GSB,UnionPay
0443-5899-1440-5788,SCB,JCB
2440-6965-2963-4343,TTB,American Express
9453-2769-8730-4791,TTB,UnionPay
3048-6303-6587-5306,TTB,JCB
0407-7000-2667-1199,KBANK,American Express
9594-4491-9518-4911,BBL,UnionPay
4493-4053-5159-6049,KTB,UnionPay
4666-9735-6966-1723,BBL,American Express
7619-1278-3266-8504,SCB,JCB
3951-8779-3346-9065,TTB,Visa
4748-1408-4860-0584,TMB,JCB
5629-4120-7368-0819,BBL,Visa
4866-2271-1324-8847,GSB,UnionPay
3601-4180-7157-2385,KBANK,MasterCard
4045-9828-8997-3562,UOB,American Express
9050-0223-9763-6127,TTB,Visa
6834-6636-5313-0003,KTB,MasterCard
9351-5880-8405-0279,TMB,JCB
2817-2625-4954-9992,KTB,Visa
7203-4169-8993-9957,TMB,Visa
8400-1690-8673-7263,TMB,JCB
0371-1523-2274-6238,TMB,JCB
9853-5106-2793-1673,KBANK,UnionPay
3935-1522-6929-9532,BBL,Visa
0057-8813-6848-2085,BBL,Visa
1713-4722-4208-1317,KTB,JCB
2086-4958-1479-7414,KTB,MasterCard
6532-7205-7423-5983,KBANK,American Express
4877-4873-7705-7152,KTB,American Express
8914-0544-5737-8639,KTB,JCB
5951-7584-2869-4282,KTB,MasterCard
5442-9935-2094-0855,TMB,UnionPay
8478-7672-8523-2015,BBL,American Express
9591-1603-9637-3302,KBANK,UnionPay
7913-5982-7503-7439,SCB,MasterCard
5130-6386-6537-8899,KBANK,MasterCard
7967-2746-6662-8924,SCB,American Express
9337-9608-1993-2589,GSB,UnionPay
9962-8652-5204-4969,TTB,American Express
0630-4713-8723-5033,KBANK,MasterCard
3736-3008-1122-0341,TMB,American Express
4828-4187-4542-0407,BBL,JCB
8713-2294-2476-5122,KTB,American Express
0931-5247-7219-4326,TMB,UnionPay
4770-7479-0389-2296,SCB,American Express
8785-0249-1819-1481,SCB,American Express
6483-6907-8876-3782,TMB,American Express
6020-3349-0145-8402,GSB,Visa
3752-6038-2832-2929,TTB,UnionPay
5106-4023-4263-5319,KTB,MasterCard
6288-9754-5594-8930,TTB,UnionPay
4102-6972-6056-6245,KBANK,Visa
9451-8691-2827-0297,GSB,MasterCard
8796-7950-4526-7357,KTB,MasterCard
4034-2819-7873-4068,TMB,JCB
1073-0936-5596-1020,BBL,JCB
2901-8282-6779-8868,KTB,American Express
8903-4211-0867-6724,SCB,MasterCard
0934-7494-3638-2670,TTB,UnionPay
2265-9381-2406-0148,TTB,UnionPay
7871-3688-0029-6409,SCB,UnionPay
7076-7851-9157-6738,TMB,American Express
2578-9358-4360-5227,UOB,UnionPay
0734-4074-5863-8419,KBANK,MasterCard
9734-9163-9781-5455,KBANK,Visa
5351-4782-9384-5468,SCB,JCB
9232-1336-9549-8414,BBL,MasterCard
1249-7692-8364-8494,GSB,Visa
4350-0719-5564-6312,SCB,MasterCard
7137-3197-3470-3080,UOB,JCB
2570-1648-4700-4500,SCB,JCB
4777-6722-1481-7573,SCB,Visa
9498-7551-1672-0434,SCB,American Express
3220-9901-8379-0158,BBL,Visa
2465-6220-0331-6849,KTB,American Express
6825-0389-7537-3497,UOB,MasterCard
5399-9319-3385-3188,SCB,MasterCard
6467-7127-1017-6469,TMB,UnionPay
6727-2154-6001-7355,GSB,MasterCard
2412-2928-3899-4954,UOB,UnionPay
5700-5585-6784-3732,KTB,American Express
2545-4186-1200-3183,GSB,American Express
9918-4183-9036-3856,TMB,Visa
3060-9833-4731-5677,UOB,Visa
3140-5855-3259-7943,TMB,MasterCard
3274-1724-0974-0040,GSB,American Express
1150-5286-5785-4537,KBANK,MasterCard
6080-0563-0958-4377,SCB,Visa
1638-6079-3526-7513,UOB,MasterCard
3285-4950-5123-2138,KTB,American Express
1743-5598-6898-9559,TMB,MasterCard
1577-2054-7889-6213,TTB,MasterCard
7176-5414-7795-8722,SCB,Visa
6133-6228-0665-2083,SCB,JCB
8454-0996-2870-3334,GSB,MasterCard
3195-4060-6953-2490,TMB,JCB
2154-9776-4091-8180,SCB,UnionPay
6714-5745-9283-0833,KBANK,Visa
7065-6669-1507-4386,KBANK,American Express
6303-3961-4043-3741,TTB,American Express
5331-7875-5891-4998,GSB,JCB
7433-1682-4781-9257,TMB,UnionPay
0341-6600-8584-4452,SCB,Visa
8841-5218-9835-6503,GSB,JCB
1635-7287-7342-2292,TTB,Visa
3167-4218-7808-4507,GSB,UnionPay
4611-9065-2692-9934,UOB,American Express
2283-6891-2408-9420,KTB,MasterCard
8351-4336-5544-6964,KTB,JCB
1135-9494-8456-4456,TTB,UnionPay
1899-2113-0166-0075,UOB,Visa
8592-5114-4383-9063,SCB,UnionPay
7840-2402-5353-2039,GSB,UnionPay
4753-3294-5838-1696,SCB,UnionPay
6786-1020-5938-4951,KTB,MasterCard
7190-2426-8686-2343,UOB,UnionPay
1150-8658-8250-6720,UOB,JCB
9272-3064-9268-5586,UOB,JCB
1850-4891-8835-2550,SCB,American Express
5949-9424-9920-7527,KBANK,MasterCard
3560-7923-7083-4043,UOB,MasterCard
3364-0463-3267-8771,KBANK,UnionPay
1561-7746-0921-0969,GSB,UnionPay
5005-9323-9496-9083,KTB,MasterCard
5994-8955-3426-2299,TTB,Visa
5629-7917-3272-9841,KTB,UnionPay
9349-3533-6511-4019,TTB,UnionPay
8166-6676-9908-3591,GSB,JCB
6459-0086-5998-8020,TMB,Visa
3601-8977-3060-9615,SCB,Visa
3067-0960-6450-2777,UOB,Visa
0972-3546-3562-9281,GSB,American Express
6147-3955-6973-2743,TMB,American Express
0731-7703-4791-0840,TMB,UnionPay
9419-6802-5600-6854,BBL,Visa
0377-9861-3143-9973,SCB,JCB
8532-1656-5684-0114,GSB,MasterCard
7990-4052-7804-8486,KBANK,UnionPay
1481-0060-7786-1440,SCB,Visa
8718-4052-9476-2399,TMB,JCB
8926-5177-5090-5700,KBANK,Visa
5938-5676-7861-0755,GSB,UnionPay
0622-6783-5456-6970,BBL,American Express
9399-0211-4204-7128,TTB,MasterCard
9737-7973-5445-1484,UOB,MasterCard
7784-5038-3716-0235,BBL,MasterCard
8394-9900-7902-0609,KTB,UnionPay
7693-6978-8832-8206,GSB,Visa
0262-8150-6386-5416,KBANK,Visa
2623-0221-0519-8888,KBANK,JCB
3712-3248-0893-4089,SCB,UnionPay
4106-9771-6037-6805,TTB,American Express
5902-8235-6485-5476,KTB,UnionPay
1982-3535-0775-6911,KTB,American Express
3201-4130-8444-2177,TTB,MasterCard
5248-1920-8161-0416,KTB,JCB
5671-2667-6330-6085,BBL,MasterCard
9036-2780-7159-2445,GSB,Visa
9264-4006-9267-8940,UOB,JCB
3832-7245-7623-9391,UOB,UnionPay
2244-9466-4225-0501,GSB,JCB
3533-3150-1963-9853,BBL,American Express
3192-7556-9713-4039,TTB,Visa
5931-4847-2227-5840,UOB,UnionPay
8847-2936-4703-7996,SCB,American Express
9688-4059-9929-0847,UOB,UnionPay
6939-2696-2363-3895,KBANK,JCB
3816-7855-5483-5634,TTB,MasterCard
5968-6848-2701-3441,UOB,MasterCard
0089-6501-4383-9906,KBANK,Visa
5689-1137-6711-6083,KTB,Visa
7489-1124-9116-7711,GSB,Visa
2144-5338-5797-4045,KTB,UnionPay
0945-9483-5767-0645,TTB,MasterCard
4949-5124-4307-0985,GSB,JCB
4805-2428-9076-3856,SCB,American Express
6997-7412-1678-0260,SCB,American Express
4548-2775-4292-5447,SCB,UnionPay
4970-3044-6101-6354,SCB,JCB
6407-6773-6770-7921,TMB,JCB
3285-0531-0492-9872,KTB,JCB
1396-6852-8260-3661,KTB,Visa
5853-3638-6089-1488,BBL,Visa
2418-1437-8947-5684,TMB,JCB
8744-3945-3665-3527,SCB,JCB
9862-8743-1868-6570,BBL,American Express
6141-0952-5272-1675,GSB,UnionPay
8178-7851-5922-9543,TMB,Visa
4484-1944-6097-8908,GSB,Visa
8745-9508-1892-2033,TTB,Visa
2259-5146-9164-0820,UOB,JCB
7094-3531-6669-3374,SCB,MasterCard
8457-3204-4321-7306,GSB,UnionPay
2265-9804-9539-6574,GSB,Visa
1188-4348-8671-5872,SCB,JCB
2019-9593-0195-2146,KTB,Visa
5347-1699-5346-4482,BBL,UnionPay
8680-9228-8712-1093,TMB,Visa
1379-3073-2506-6249,GSB,MasterCard
9552-2531-1374-3221,BBL,Visa
6165-3625-1665-4724,KTB,MasterCard
8173-4159-3783-2103,TTB,Visa
9865-3284-4052-7900,GSB,UnionPay
1481-3570-5805-3901,KBANK,UnionPay
4240-2577-8951-7933,KTB,JCB
6799-4143-2304-3234,BBL,MasterCard
5580-8176-3955-2049,BBL,UnionPay
0813-7403-8471-0571,KBANK,UnionPay
5000-1374-4060-9997,TMB,MasterCard
4946-3560-8682-2193,KTB,UnionPay
6331-0247-9752-4720,BBL,Visa
5611-0211-8986-5288,KTB,Visa
1394-4634-2707-9728,BBL,MasterCard
0880-3969-0712-8154,TTB,UnionPay
7963-9870-6754-3396,TMB,UnionPay
9961-5715-8513-9806,BBL,UnionPay
2544-0508-2822-4538,GSB,UnionPay
9570-8494-2733-3251,KBANK,American Express
6635-7223-7973-0661,KBANK,UnionPay
6897-4333-7318-5257,SCB,JCB
9525-0081-4877-3364,KTB,MasterCard
4084-8004-6446-8899,SCB,American Express
4822-3421-7775-4268,KTB,Visa
0992-8820-8453-7760,TMB,American Express
1039-5279-9033-5292,KTB,UnionPay
2743-5277-9819-7742,BBL,American Express
9244-2690-0520-5007,SCB,American Express
1784-8694-7161-4639,GSB,UnionPay
9832-3228-5039-4337,GSB,MasterCard
6643-0717-0502-4645,KTB,UnionPay
1037-6585-4183-8615,SCB,JCB
6793-2678-7801-2023,KTB,American Express
8408-7929-8065-9211,GSB,Visa
2452-3160-1772-5967,TTB,UnionPay
8663-9514-0303-9079,UOB,MasterCard
3872-2280-0171-5934,KBANK,MasterCard
5880-4758-9485-7492,TMB,JCB
9947-1135-6063-6386,KTB,MasterCard
1973-7967-8080-8663,GSB,JCB
7970-1976-4792-7603,SCB,JCB
3455-4397-1045-0226,GSB,JCB
1128-6399-4418-1392,TMB,American Express
1835-4277-5866-9555,SCB,American Express
6108-6075-5630-1747,TTB,Visa
9079-2978-0072-3890,TMB,MasterCard
5805-3698-8296-2537,GSB,JCB
4943-1097-4786-4636,KTB,UnionPay
4740-4889-2013-4759,TTB,MasterCard
2818-3030-6539-8356,GSB,MasterCard
8737-0677-4244-6126,GSB,MasterCard
7579-1676-2806-4226,TTB,American Express
6600-8151-1591-0899,KBANK,UnionPay
0122-1206-3226-0952,TMB,UnionPay
5034-4900-6963-5470,GSB,American Express
5464-4747-3140-1550,SCB,UnionPay
0253-0268-7864-8268,GSB,JCB
8516-8155-6084-0774,GSB,JCB
2924-9036-4856-5476,TMB,UnionPay
2876-9466-1095-3024,GSB,UnionPay
0582-1139-6099-8781,BBL,Visa
4279-4182-4877-1487,GSB,Visa
5851-0299-3053-9031,TMB,American Express
0313-6985-9468-2104,GSB,American Express
2280-7871-2536-9631,KTB,American Express
5173-8481-8403-5857,GSB,Visa
8964-4936-8108-2227,TMB,JCB
4039-4734-7486-7607,TMB,American Express
7260-8993-7368-3908,BBL,JCB
5617-6272-5177-8476,SCB,MasterCard
6537-3589-1057-4132,KTB,JCB
5037-8248-6536-2341,UOB,American Express
5255-2141-5171-5174,KBANK,MasterCard
9980-6095-2340-4881,UOB,UnionPay
0427-7835-8290-5779,BBL,MasterCard
7024-6199-5067-4438,TTB,Visa
4108-3569-9251-7753,KBANK,Visa
4993-2265-6595-5545,BBL,MasterCard
8703-9033-0514-9781,TMB,MasterCard
8776-0895-5707-0226,BBL,American Express
1358-7638-1222-0240,BBL,Visa
9279-4507-8362-2173,UOB,Visa
8434-3955-2824-7100,GSB,American Express
4060-1150-0889-5811,GSB,American Express
0138-3549-4453-4547,BBL,UnionPay
3788-0977-6539-6308,UOB,American Express
6822-7319-2593-5187,KBANK,American Express
6247-3826-6599-8139,KTB,JCB
9147-4571-8330-9215,TTB,JCB
4101-8263-1508-6456,TTB,American Express
1575-0113-7508-0368,SCB,MasterCard
4853-0488-1666-5579,SCB,MasterCard
1166-3535-5403-4967,UOB,Visa
1067-3386-2557-3920,SCB,American Express
5255-2751-5424-1478,TTB,American Express
3429-1565-9621-0752,UOB,American Express
5189-0799-9973-2105,TMB,Visa
4207-4582-3926-0908,SCB,JCB
0420-7648-2532-8540,KTB,American Express
6155-6853-1129-2362,BBL,JCB
3513-4562-1526-5823,BBL,UnionPay
0047-4461-8025-6222,UOB,Visa
8644-1267-9249-4097,GSB,UnionPay
9307-6761-1418-9271,KTB,MasterCard
2484-0170-5502-8008,KBANK,UnionPay
1218-6197-8742-8688,SCB,UnionPay
2057-4636-3772-0921,TTB,UnionPay
9493-2412-0440-2250,KBANK,MasterCard
2308-9928-1692-3036,TTB,American Express
2125-3349-1528-5170,GSB,JCB
0042-8262-6282-2891,GSB,Visa
1227-1721-6193-0370,TMB,Visa
3602-5574-9062-7555,KBANK,Visa
9087-5150-1360-0886,KBANK,MasterCard
7679-8982-8987-3505,UOB,MasterCard
7992-4562-7059-1334,SCB,MasterCard
4379-2521-8706-6042,BBL,American Express
6962-6897-6104-9763,GSB,MasterCard
8617-3388-9523-8085,GSB,American Express
7017-3821-2746-9513,UOB,American Express
3661-4580-5354-3265,BBL,Visa
2909-6275-8015-9855,GSB,Visa
1528-4808-2771-0762,KBANK,JCB
8619-7766-9419-8615,BBL,American Express
4532-9708-1414-7940,BBL,American Express
2593-7280-9759-0179,TMB,American Express
2655-1604-7185-2142,TMB,UnionPay
9931-1761-8763-6958,BBL,American Express
9757-4451-6909-8503,KTB,American Express
8588-2720-3404-3392,SCB,MasterCard
3238-5146-6601-9883,TTB,UnionPay
6266-7886-4026-3902,KBANK,American Express
5361-7805-4341-1236,BBL,MasterCard
7242-7206-7315-0073,SCB,American Express
7411-6376-2620-6613,KTB,UnionPay
2683-4835-8951-4865,BBL,UnionPay
6005-7421-2467-2238,KTB,UnionPay
6381-7534-6166-6479,TMB,American Express
7002-7082-7659-7603,SCB,American Express
9226-8253-6582-7893,TMB,MasterCard
7673-9211-6067-8790,TMB,MasterCard
3480-6687-7059-4347,BBL,Visa
8635-4657-6015-7657,KTB,JCB
7478-0674-6584-4266,GSB,Visa
4782-5426-8617-4942,KTB,JCB
9802-9035-9872-7736,BBL,American Express
1397-6819-8235-8094,BBL,MasterCard
5287-2013-1552-3933,KTB,American Express
7223-0629-2352-0438,GSB,UnionPay
9131-2086-3952-5506,SCB,UnionPay
8563-2678-0838-0459,TTB,JCB
3974-5676-4712-3119,BBL,JCB
8168-0915-2582-3806,GSB,Visa
1820-3451-9172-8441,UOB,UnionPay
1477-8946-9388-7458,TTB,JCB
0122-9553-0042-1796,TMB,UnionPay
8764-9272-6974-0314,GSB,American Express
6262-9234-6110-0349,TMB,American Express
8937-9000-4445-9355,GSB,MasterCard
9693-6983-2093-8611,TTB,UnionPay
1600-0193-7248-0053,KTB,UnionPay
7046-4730-0517-3484,UOB,American Express
5214-0082-6082-7200,KBANK,UnionPay
5388-5577-3037-7524,KTB,UnionPay
6181-4552-0737-5641,SCB,MasterCard
5281-1792-3551-4053,KTB,MasterCard
7812-2425-6569-7449,TMB,Visa
7091-6512-7423-4045,KBANK,American Express
6536-2454-6414-5036,SCB,MasterCard
5094-1464-1506-4194,TMB,UnionPay
1970-5642-4600-7275,TMB,MasterCard
9226-2702-0842-8773,GSB,JCB
9172-9333-6301-7253,SCB,American Express
2241-4310-4053-2025,KBANK,MasterCard
3603-6440-5186-9226,GSB,American Express
6303-5420-2446-3966,BBL,UnionPay
0517-9909-6354-0081,KBANK,JCB
9355-9804-6192-2711,SCB,MasterCard
2252-8806-1422-6347,KBANK,Visa
9220-4865-4309-2799,TMB,MasterCard
2178-6477-4382-3238,BBL,Visa
8371-7465-5597-3652,TMB,Visa
3231-7115-1717-0277,GSB,MasterCard
2198-5089-5448-9680,GSB,UnionPay
1425-6570-1350-1304,BBL,JCB
3934-5929-9027-6589,GSB,JCB
8784-9146-8664-1656,BBL,Visa
9770-0954-7982-1876,TTB,Visa
4046-2464-0724-7977,UOB,UnionPay
3983-0795-0088-3449,GSB,American Express
3919-6766-9343-7933,TMB,Visa
0445-1867-1026-3635,KBANK,JCB
7100-3202-9028-1097,SCB,JCB
3408-0847-7239-9611,SCB,JCB
7395-2412-5747-4007,KTB,JCB
7413-3941-8937-6952,TTB,MasterCard
7411-6631-3626-7254,TTB,MasterCard
0364-3849-4942-7911,GSB,JCB
6471-4443-0852-3671,KBANK,MasterCard
9399-5552-7191-3312,BBL,MasterCard
6647-3908-0487-2594,TMB,Visa
7760-2993-6098-5492,SCB,MasterCard
7769-6277-6772-9935,SCB,MasterCard
3905-5554-3226-2730,TMB,JCB
1307-3667-4366-1607,KBANK,UnionPay
4823-2225-2815-5547,SCB,UnionPay
8921-2009-6291-2136,KBANK,Visa
8463-2266-7694-4981,GSB,American Express
7027-0192-3097-2945,BBL,JCB
5360-5449-1120-8313,BBL,JCB
5671-2087-9977-4461,TTB,MasterCard
4300-3803-7231-8311,SCB,Visa
8577-8529-9210-6484,KTB,American Express
8444-9636-2729-5004,KTB,UnionPay
1806-1458-1946-0920,KTB,UnionPay
6679-8001-6358-5020,UOB,MasterCard
6413-8053-9101-7816,TTB,American Express
4758-2974-3263-9816,KBANK,UnionPay
3993-1413-6098-2038,UOB,UnionPay
1054-0885-8716-5026,TMB,JCB
0003-5596-1261-4431,TTB,JCB
4151-9915-6741-1635,BBL,UnionPay
9214-3476-3897-0763,GSB,MasterCard
1849-8503-9748-3378,GSB,American Express
2435-7057-3727-7900,BBL,MasterCard
5016-4529-6100-8737,GSB,American Express
0749-9104-1631-7366,GSB,Visa
8681-2049-7689-4126,TMB,JCB
1994-5352-7644-7034,SCB,Visa
0386-9855-8656-8122,KBANK,JCB
0418-5593-0033-3156,SCB,JCB
5312-6712-9575-0337,BBL,MasterCard
7004-9327-6433-5729,KTB,UnionPay
1245-0189-5329-3191,TTB,UnionPay
2612-8624-1986-0748,KTB,Visa
0284-8041-3517-7482,GSB,MasterCard
4442-7653-3150-2747,TTB,UnionPay
6333-1315-6075-6927,TMB,UnionPay
8234-9965-6188-1274,UOB,JCB
4015-2988-6863-0160,SCB,UnionPay
9999-8541-2964-2977,GSB,MasterCard
1193-5140-5695-8106,GSB,MasterCard
4687-2946-3136-8554,TTB,JCB
1988-6676-1815-5336,KBANK,MasterCard
